,taxon.name.in.seed.sid,mass,Genus,Hybrid.marker,Species,Abbrev,Infraspecific.rank,Infraspecific,Authority,ID,Plant.Name.Index,TPL.version,Taxonomic.status,Family,New.Genus,New.Hybrid.marker,New.Species,New.Infraspecific.rank,New.Infraspecific,New.Authority,New.ID,New.Taxonomic.status,Typo,WFormat,Higher.level,Date,taxon.new
225,Allium cyathophorum var. farreri Stearn,2.2608,Allium,,cyathophorum,NA,var.,farreri,Stearn,kew-295396,TRUE,1.1,Accepted,Amaryllidaceae,Allium,,cyathophorum,var.,farreri,(Stearn) Stearn,kew-295396,Accepted,FALSE,FALSE,FALSE,13/04/2020,Allium_cyathophorum
330,Allium victorialis L.,3.9942,Allium,,victorialis,NA,NA,,L.,kew-296917,TRUE,1.1,Accepted,Amaryllidaceae,Allium,,victorialis,,,L.,kew-296917,Accepted,FALSE,FALSE,FALSE,13/04/2020,Allium_victorialis
508,Alstroemeria pallida Graham,18.3,Alstroemeria,,pallida,NA,NA,,Graham,kew-298378,TRUE,1.1,Accepted,Alstroemeriaceae,Alstroemeria,,pallida,,,Graham,kew-298378,Accepted,FALSE,FALSE,FALSE,13/04/2020,Alstroemeria_pallida
589,Anthoxanthum odoratum L. Orthodox,0.55,Anthoxanthum,,odoratum,NA,NA,,L. Orthodox,kew-394021,TRUE,1.1,Accepted,Poaceae,Anthoxanthum,,odoratum,,,L.,kew-394021,Accepted,FALSE,FALSE,FALSE,13/04/2020,Anthoxanthum_odoratum
770,Astelia alpina R.Br.,1.1492,Astelia,,alpina,NA,NA,,R.Br.,kew-275798,TRUE,1.1,Accepted,Asteliaceae,Astelia,,alpina,,,R.Br.,kew-275798,Accepted,FALSE,FALSE,FALSE,13/04/2020,Astelia_alpina
771,Astelia alpina R.Br. var. alpina,1.1024,Astelia,,alpina,NA,var.,alpina,R.Br.,kew-311593,TRUE,1.1,Synonym,Asteliaceae,Astelia,,alpina,,,R.Br.,kew-275798,Accepted,FALSE,FALSE,FALSE,13/04/2020,Astelia_alpina
1150,Carex asturica Boiss.,4.4069,Carex,,asturica,NA,NA,,Boiss.,kew-224697,TRUE,1.1,Accepted,Cyperaceae,Carex,,asturica,,,Boiss.,kew-224697,Accepted,FALSE,FALSE,FALSE,13/04/2020,Carex_asturica
1153,Carex atrata L. Orthodox?,0.6236,Carex,,atrata,NA,NA,,L. Orthodox?,kew-224723,TRUE,1.1,Accepted,Cyperaceae,Carex,,atrata,,,L.,kew-224723,Accepted,FALSE,FALSE,FALSE,13/04/2020,Carex_atrata
1168,Carex bicolor All. Uncertain,0.558,Carex,,bicolor,NA,NA,,All. Uncertain,kew-224932,TRUE,1.1,Accepted,Cyperaceae,Carex,,bicolor,,,Bellardi ex All.,kew-224932,Accepted,FALSE,FALSE,FALSE,13/04/2020,Carex_bicolor
1172,Carex blakei Nelmes,1.921,Carex,,blakei,NA,NA,,Nelmes,kew-224984,TRUE,1.1,Accepted,Cyperaceae,Carex,,blakei,,,Nelmes,kew-224984,Accepted,FALSE,FALSE,FALSE,13/04/2020,Carex_blakei
1190,Carex capillacea Boott,0.528,Carex,,capillacea,NA,NA,,Boott,kew-225299,TRUE,1.1,Accepted,Cyperaceae,Carex,,capillacea,,,Boott,kew-225299,Accepted,FALSE,FALSE,FALSE,13/04/2020,Carex_capillacea
1197,Carex cephalotes F.Muell.,0.5508,Carex,,cephalotes,NA,NA,,F.Muell.,kew-225420,TRUE,1.1,Accepted,Cyperaceae,Carex,,cephalotes,,,F.Muell.,kew-225420,Accepted,FALSE,FALSE,FALSE,13/04/2020,Carex_cephalotes
1221,Carex curvula All.,2,Carex,,curvula,NA,NA,,All.,kew-225819,TRUE,1.1,Accepted,Cyperaceae,Carex,,curvula,,,All.,kew-225819,Accepted,FALSE,FALSE,FALSE,13/04/2020,Carex_curvula
1247,Carex echinata Murray Orthodox?,0.83,Carex,,echinata,NA,NA,,Murray Orthodox?,kew-226238,TRUE,1.1,Accepted,Cyperaceae,Carex,,echinata,,,Murray,kew-226238,Accepted,FALSE,FALSE,FALSE,13/04/2020,Carex_echinata
1260,Carex firma Host,1.11,Carex,,firma,NA,NA,,Host,kew-226551,TRUE,1.1,Accepted,Cyperaceae,Carex,,firma,,,Host,kew-226551,Accepted,FALSE,FALSE,FALSE,13/04/2020,Carex_firma
1268,Carex foetida All. Orthodox,0.408,Carex,,foetida,NA,NA,,All. Orthodox,kew-226677,TRUE,1.1,Accepted,Cyperaceae,Carex,,foetida,,,All.,kew-226677,Accepted,FALSE,FALSE,FALSE,13/04/2020,Carex_foetida
1276,Carex gaudichaudiana Kunth Orthodox,0.951,Carex,,gaudichaudiana,NA,NA,,Kunth Orthodox,kew-226839,TRUE,1.1,Accepted,Cyperaceae,Carex,,gaudichaudiana,,,Kunth,kew-226839,Accepted,FALSE,FALSE,FALSE,13/04/2020,Carex_gaudichaudiana
1293,Carex hebes Nelmes,1.3278,Carex,,hebes,NA,NA,,Nelmes,kew-227251,TRUE,1.1,Accepted,Cyperaceae,Carex,,hebes,,,Nelmes,kew-227251,Accepted,FALSE,FALSE,FALSE,13/04/2020,Carex_hebes
1303,Carex hypandra F.Muell.,0.5362,Carex,,hypandra,NA,NA,,F.Muell.,kew-227469,TRUE,1.1,Accepted,Cyperaceae,Carex,,hypandra,,,F.Muell.,kew-227469,Accepted,FALSE,FALSE,FALSE,13/04/2020,Carex_hypandra
1447,Carex sempervirens Vill. Uncertain,1.08,Carex,,sempervirens,NA,NA,,Vill. Uncertain,kew-230806,TRUE,1.1,Accepted,Cyperaceae,Carex,,sempervirens,,,Vill.,kew-230806,Accepted,FALSE,FALSE,FALSE,13/04/2020,Carex_sempervirens
1511,Carpha nivicola F.Muell.,2.22,Carpha,,nivicola,NA,NA,,F.Muell.,kew-232360,TRUE,1.1,Accepted,Cyperaceae,Carpha,,nivicola,,,F.Muell.,kew-232360,Accepted,FALSE,FALSE,FALSE,13/04/2020,Carpha_nivicola
1734,Cortaderia pilosa (d'Urv.) Hack.,0.2604,Cortaderia,,pilosa,NA,NA,,(d'Urv.) Hack.,kew-405795,TRUE,1.1,Accepted,Poaceae,Cortaderia,,pilosa,,,(d'Urv.) Hack.,kew-405795,Accepted,FALSE,FALSE,FALSE,13/04/2020,Cortaderia_pilosa
2033,Deschampsia cespitosa subsp. cespitosa,0.356,Deschampsia,,cespitosa,NA,subsp.,cespitosa,,tro-25510913,TRUE,1.1,Synonym,Poaceae,Deschampsia,,cespitosa,,,(L.) P.Beauv.,kew-407579,Accepted,FALSE,FALSE,FALSE,13/04/2020,Deschampsia_cespitosa
2034,Deschampsia cespitosa (L.) P.Beauv. Orthodox,0.25,Deschampsia,,cespitosa,NA,NA,,(L.) P.Beauv. Orthodox,kew-407579,TRUE,1.1,Accepted,Poaceae,Deschampsia,,cespitosa,,,(L.) P.Beauv.,kew-407579,Accepted,FALSE,FALSE,FALSE,13/04/2020,Deschampsia_cespitosa
2369,Elymus sibiricus L. Orthodox,2.6572,Elymus,,sibiricus,NA,NA,,L. Orthodox,kew-411563,TRUE,1.1,Accepted,Poaceae,Elymus,,sibiricus,,,L.,kew-411563,Accepted,FALSE,FALSE,FALSE,13/04/2020,Elymus_sibiricus
2620,Eriophorum angustifolium Honck. Orthodox?,0.41,Eriophorum,,angustifolium,NA,NA,,Honck. Orthodox?,kew-244512,TRUE,1.1,Accepted,Cyperaceae,Eriophorum,,angustifolium,,,Honck.,kew-244512,Accepted,FALSE,FALSE,FALSE,13/04/2020,Eriophorum_angustifolium
2626,Eriophorum scheuchzeri Hoppe Orthodox,0.4276,Eriophorum,,scheuchzeri,NA,NA,,Hoppe Orthodox,kew-244598,TRUE,1.1,Accepted,Cyperaceae,Eriophorum,,scheuchzeri,,,Hoppe,kew-244598,Accepted,FALSE,FALSE,FALSE,13/04/2020,Eriophorum_scheuchzeri
2690,Festuca halleri All. Orthodox p,1.2496,Festuca,,halleri,NA,NA,p,All. Orthodox,kew-415330,TRUE,1.1,Accepted,Poaceae,Festuca,,halleri,,,All.,kew-415330,Accepted,TRUE,FALSE,FALSE,13/04/2020,Festuca_halleri
2699,"Festuca melanopsis B.Foggi, G.Rossi & M.A.Signorini Orthodox",1.4784,Festuca,,melanopsis,NA,NA,,"B.Foggi, G.Rossi & M.A.Signorini Orthodox",kew-415669,TRUE,1.1,Synonym,Poaceae,Festuca,,violacea,,,Ser. ex Gaudin,kew-417166,Accepted,FALSE,FALSE,FALSE,13/04/2020,Festuca_violacea
2707,Festuca ovina var. duriuscula Schrad.,0.94,Festuca,,ovina,NA,var.,duriuscula,Schrad.,tro-25523701,TRUE,1.1,Synonym,Poaceae,Festuca,,rubra,,,L.,kew-416502,Accepted,FALSE,FALSE,FALSE,13/04/2020,Festuca_rubra
2708,Festuca ovina L. Orthodox,0.6,Festuca,,ovina,NA,NA,,L. Orthodox,kew-415853,TRUE,1.1,Accepted,Poaceae,Festuca,,ovina,,,L.,kew-415853,Accepted,FALSE,FALSE,FALSE,13/04/2020,Festuca_ovina
2711,Festuca paniculata (L.) Schinz & Thell. Orthodox,5.192,Festuca,,paniculata,NA,NA,,(L.) Schinz & Thell. Orthodox,kew-416194,TRUE,1.1,Accepted,Poaceae,Festuca,,paniculata,,,(L.) Schinz & Thell.,kew-416194,Accepted,FALSE,FALSE,FALSE,13/04/2020,Festuca_paniculata
2719,Festuca rubra subsp. rubra,1.2,Festuca,,rubra,NA,subsp.,rubra,,tro-25509647,TRUE,1.1,Synonym,Poaceae,Festuca,,rubra,,,L.,kew-416502,Accepted,FALSE,FALSE,FALSE,13/04/2020,Festuca_rubra
2720,Festuca rubra subsp. commutata Gaudin,0.89,Festuca,,rubra,NA,subsp.,commutata,Gaudin,kew-416535,TRUE,1.1,Accepted,Poaceae,Festuca,,rubra,subsp.,commutata,Gaudin,kew-416535,Accepted,FALSE,FALSE,FALSE,13/04/2020,Festuca_rubra
2721,Festuca rubra subsp. litoralis (G.Mey.) Auquier,1.08,Festuca,,rubra,NA,subsp.,litoralis,(G.Mey.) Auquier,kew-416554,TRUE,1.1,Synonym,Poaceae,Festuca,,rubra,,,L.,kew-416502,Accepted,FALSE,FALSE,FALSE,13/04/2020,Festuca_rubra
2722,Festuca rubra L. Orthodox,1.1,Festuca,,rubra,NA,NA,,L. Orthodox,kew-416502,TRUE,1.1,Accepted,Poaceae,Festuca,,rubra,,,L.,kew-416502,Accepted,FALSE,FALSE,FALSE,13/04/2020,Festuca_rubra
2735,Festuca varia Haenke Orthodox,1.6468,Festuca,,varia,NA,NA,,Haenke Orthodox,kew-417110,TRUE,1.1,Accepted,Poaceae,Festuca,,varia,,,Haenke,kew-417110,Accepted,FALSE,FALSE,FALSE,13/04/2020,Festuca_varia
3034,Helictotrichon versicolor (Vill.) Schult. & Schult.f.,1.7768,Helictotrichon,,versicolor,NA,NA,,(Vill.) Schult. & Schult.f.,kew-418551,TRUE,1.1,Accepted,Poaceae,Helictotrichon,,versicolor,,,(Vill.) Schult. & Schult.f.,kew-418551,Accepted,FALSE,FALSE,FALSE,13/04/2020,Helictotrichon_versicolor
3225,Isolepis crassiuscula Hook.f.,0.2728,Isolepis,,crassiuscula,NA,NA,,Hook.f.,kew-250236,TRUE,1.1,Accepted,Cyperaceae,Isolepis,,crassiuscula,,,Hook.f.,kew-250236,Accepted,FALSE,FALSE,FALSE,13/04/2020,Isolepis_crassiuscula
3238,Isolepis setacea (L.) R.Br. Orthodox p,0.0695,Isolepis,,setacea,NA,NA,p,(L.) R.Br. Orthodox,kew-250537,TRUE,1.1,Accepted,Cyperaceae,Isolepis,,setacea,,,(L.) R.Br.,kew-250537,Accepted,TRUE,FALSE,FALSE,13/04/2020,Isolepis_setacea
3305,Juncus falcatus E.Mey. subsp. falcatus,0.0412,Juncus,,falcatus,NA,subsp.,falcatus,E.Mey.,kew-314981,TRUE,1.1,Synonym,Juncaceae,Juncus,,falcatus,,,E.Mey.,kew-314979,Accepted,FALSE,FALSE,FALSE,13/04/2020,Juncus_falcatus
3306,Juncus falcatus E.Mey. Orthodox,0.0162,Juncus,,falcatus,NA,NA,,E.Mey. Orthodox,kew-314979,TRUE,1.1,Accepted,Juncaceae,Juncus,,falcatus,,,E.Mey.,kew-314979,Accepted,FALSE,FALSE,FALSE,13/04/2020,Juncus_falcatus
3336,Juncus monanthos Jacq.,0.1588,Juncus,,monanthos,NA,NA,,Jacq.,kew-315483,TRUE,1.1,Accepted,Juncaceae,Juncus,,monanthos,,,Jacq.,kew-315483,Accepted,FALSE,FALSE,FALSE,13/04/2020,Juncus_monanthos
3374,Juncus trifidus L. Uncertain,0.1525,Juncus,,trifidus,NA,NA,,L. Uncertain,kew-316015,TRUE,1.1,Accepted,Juncaceae,Juncus,,trifidus,,,L.,kew-316015,Accepted,FALSE,FALSE,FALSE,13/04/2020,Juncus_trifidus
3641,Luzula acutifolia subsp. acutifolia,0.546,Luzula,,acutifolia,NA,subsp.,acutifolia,,kew-316132,TRUE,1.1,Synonym,Juncaceae,Luzula,,acutifolia,,,H.Nordensk.,kew-316131,Accepted,FALSE,FALSE,FALSE,13/04/2020,Luzula_acutifolia
3644,Luzula alpinopilosa (Chaix) Breistr. subsp. obscura S.E.Fr\'f6hner Orthodox,0.3152,Luzula,,alpinopilosa,NA,subsp.,obscura,S.E.Fr\'f6hner Orthodox,kew-316154,TRUE,1.1,Accepted,Juncaceae,Luzula,,alpinopilosa,subsp.,obscura,S.E.Fröhner,kew-316154,Accepted,FALSE,FALSE,FALSE,13/04/2020,Luzula_alpinopilosa
3645,Luzula alpinopilosa (Chaix) Breistr. Uncertain,0.19,Luzula,,alpinopilosa,NA,NA,,(Chaix) Breistr. Uncertain,kew-316150,TRUE,1.1,Accepted,Juncaceae,Luzula,,alpinopilosa,,,(Chaix) Breistr.,kew-316150,Accepted,FALSE,FALSE,FALSE,13/04/2020,Luzula_alpinopilosa
3665,Luzula modesta Buchenau,0.5592,Luzula,,modesta,NA,NA,,Buchenau,kew-316483,TRUE,1.1,Accepted,Juncaceae,Luzula,,modesta,,,Buchenau,kew-316483,Accepted,FALSE,FALSE,FALSE,13/04/2020,Luzula_modesta
3676,Luzula spicata (Huds.) Gaudin Uncertain,0.263,Luzula,,spicata,NA,NA,,(Huds.) Gaudin Uncertain,kew-316703,TRUE,1.1,Accepted,Juncaceae,Luzula,,spicata,,,(L.) DC.,kew-316703,Accepted,FALSE,FALSE,FALSE,13/04/2020,Luzula_spicata
3842,Nardus stricta L. Orthodox,0.4,Nardus,,stricta,NA,NA,,L. Orthodox,kew-425445,TRUE,1.1,Accepted,Poaceae,Nardus,,stricta,,,L.,kew-425445,Accepted,FALSE,FALSE,FALSE,13/04/2020,Nardus_stricta
3875,Olsynium junceum (E.Mey. ex C.Presl) Goldblatt Orthodox,1.24,Olsynium,,junceum,NA,NA,,(E.Mey. ex C.Presl) Goldblatt Orthodox,kew-324181,TRUE,1.1,Accepted,Iridaceae,Olsynium,,junceum,,,(E.Mey. ex C.Presl) Goldblatt,kew-324181,Accepted,FALSE,FALSE,FALSE,13/04/2020,Olsynium_junceum
3876,Olsynium philippii (Klatt) Goldblatt,5.85,Olsynium,,philippii,NA,NA,,(Klatt) Goldblatt,kew-324174,TRUE,1.1,Accepted,Iridaceae,Olsynium,,philippii,,,(Klatt) Goldblatt,kew-324174,Accepted,FALSE,FALSE,FALSE,13/04/2020,Olsynium_philippii
4120,Pennisetum flaccidum Griseb.,2.0941,Pennisetum,,flaccidum,NA,NA,,Griseb.,kew-432698,TRUE,1.1,Accepted,Poaceae,Pennisetum,,flaccidum,,,Griseb.,kew-432698,Accepted,FALSE,FALSE,FALSE,13/04/2020,Pennisetum_flaccidum
4161,Phleum alpinum L. Orthodox,0.38,Phleum,,alpinum,NA,NA,,L. Orthodox,kew-433718,TRUE,1.1,Accepted,Poaceae,Phleum,,alpinum,,,L.,kew-433718,Accepted,FALSE,FALSE,FALSE,13/04/2020,Phleum_alpinum
4212,Poa alpina L. Orthodox,0.3592,Poa,,alpina,NA,NA,,L. Orthodox,kew-435085,TRUE,1.1,Accepted,Poaceae,Poa,,alpina,,,L.,kew-435085,Accepted,FALSE,FALSE,FALSE,13/04/2020,Poa_alpina
4228,Poa costiniana Vickery,0.412,Poa,,costiniana,NA,NA,,Vickery,kew-435658,TRUE,1.1,Accepted,Poaceae,Poa,,costiniana,,,Vickery,kew-435658,Accepted,FALSE,FALSE,FALSE,13/04/2020,Poa_costiniana
4242,Poa hiemata Vickery Orthodox,0.356,Poa,,hiemata,NA,NA,,Vickery Orthodox,kew-436113,TRUE,1.1,Accepted,Poaceae,Poa,,hiemata,,,Vickery,kew-436113,Accepted,FALSE,FALSE,FALSE,13/04/2020,Poa_hiemata
4260,Poa phillipsiana Vickery,0.4161,Poa,,phillipsiana,NA,NA,,Vickery,kew-436832,TRUE,1.1,Accepted,Poaceae,Poa,,phillipsiana,,,Vickery,kew-436832,Accepted,FALSE,FALSE,FALSE,13/04/2020,Poa_phillipsiana
4490,Rytidosperma nudiflorum (P.Morris) Connor & Edgar,1.275,Rytidosperma,,nudiflorum,NA,NA,,(P.Morris) Connor & Edgar,kew-439796,TRUE,1.1,Accepted,Poaceae,Rytidosperma,,nudiflorum,,,(P.Morris) Connor & Edgar,kew-439796,Accepted,FALSE,FALSE,FALSE,13/04/2020,Rytidosperma_nudiflorum
4638,Scirpus setaceus L. Orthodox,0.05,Scirpus,,setaceus,NA,NA,,L. Orthodox,kew-264876,TRUE,1.1,Synonym,Cyperaceae,Isolepis,,setacea,,,(L.) R.Br.,kew-250537,Accepted,FALSE,FALSE,FALSE,13/04/2020,Isolepis_setacea
4672,Sesleria albicans Kit. ex Schult. Orthodox,0.32,Sesleria,,albicans,NA,NA,,Kit. ex Schult. Orthodox,kew-441954,TRUE,1.1,Accepted,Poaceae,Sesleria,,albicans,,,Kit.,kew-441954,Accepted,FALSE,FALSE,FALSE,13/04/2020,Sesleria_albicans
4673,Sesleria caerulea (L.) Ard. Uncertain,1.1528,Sesleria,,caerulea,NA,NA,,(L.) Ard. Uncertain,kew-441982,TRUE,1.1,Accepted,Poaceae,Sesleria,,caerulea,,,(L.) Ard.,kew-441982,Accepted,FALSE,FALSE,FALSE,13/04/2020,Sesleria_caerulea
4681,Sesleria varia (Jacq.) Wettst.,1.5,Sesleria,,varia,NA,NA,,(Jacq.) Wettst.,kew-442137,TRUE,1.1,Synonym,Poaceae,Sesleria,,caerulea,,,(L.) Ard.,kew-441982,Accepted,FALSE,FALSE,FALSE,13/04/2020,Sesleria_caerulea
4715,Sisyrinchium aff. humile Phil.,1.58,Sisyrinchium,,humile,aff.,NA,,Phil.,kew-325157,TRUE,1.1,Synonym,Iridaceae,Sisyrinchium,,arenarium,,,Poepp.,kew-324953,Accepted,FALSE,FALSE,FALSE,13/04/2020,Sisyrinchium_arenarium
4720,Sisyrinchium arenarium Poepp.,4.6,Sisyrinchium,,arenarium,NA,NA,,Poepp.,kew-324953,TRUE,1.1,Accepted,Iridaceae,Sisyrinchium,,arenarium,,,Poepp.,kew-324953,Accepted,FALSE,FALSE,FALSE,13/04/2020,Sisyrinchium_arenarium
4745,Sisyrinchium philippi Klatt,5,Sisyrinchium,,philippi,NA,NA,,Klatt,kew-325094,TRUE,1.1,Synonym,Iridaceae,Olsynium,,philippii,,,(Klatt) Goldblatt,kew-324174,Accepted,TRUE,FALSE,FALSE,13/04/2020,Olsynium_philippii
4753,Sisyrinchium weberbauerianum Kraenzl.,0.17,Sisyrinchium,,weberbauerianum,NA,NA,,Kraenzl.,kew-324656,TRUE,1.1,Synonym,Iridaceae,Olsynium,,junceum,,,(E.Mey. ex C.Presl) Goldblatt,kew-324181,Accepted,FALSE,FALSE,FALSE,13/04/2020,Olsynium_junceum
5084,Trichophorum pumilum (L.) Pers. Orthodox,0.65,Trichophorum,,pumilum,NA,NA,,(L.) Pers. Orthodox,kew-270682,TRUE,1.1,Accepted,Cyperaceae,Trichophorum,,pumilum,,,(Vahl) Schinz & Thell.,kew-270682,Accepted,FALSE,FALSE,FALSE,13/04/2020,Trichophorum_pumilum
5097,Triglochin maritima L. Orthodox,0.7232,Triglochin,,maritima,NA,NA,,L. Orthodox,kew-308914,TRUE,1.1,Accepted,Juncaginaceae,Triglochin,,maritima,,,L.,kew-308914,Accepted,FALSE,FALSE,FALSE,13/04/2020,Triglochin_maritima
5101,Triglochin palustris L. Orthodox,1.761,Triglochin,,palustris,NA,NA,,L. Orthodox,kew-308924,TRUE,1.1,Accepted,Juncaginaceae,Triglochin,,palustris,,,L.,kew-308924,Accepted,FALSE,FALSE,FALSE,13/04/2020,Triglochin_palustris
5140,Trisetum spicatum (L.) K.Richt.,0.417,Trisetum,,spicatum,NA,NA,,(L.) K.Richt.,kew-448109,TRUE,1.1,Accepted,Poaceae,Trisetum,,spicatum,,,(L.) K.Richt.,kew-448109,Accepted,FALSE,FALSE,FALSE,13/04/2020,Trisetum_spicatum
5542,Drimys xerophila Parm.,28.85,Drimys,,xerophila,NA,NA,,Parm.,kew-2778016,TRUE,1.1,Synonym,Winteraceae,Tasmannia,,xerophila,,,(P.Parm.) M.Gray,kew-2518788,Unresolved,FALSE,FALSE,FALSE,13/04/2020,Tasmannia_xerophila
5802,Tasmannia xerophila (Parment.) M.Gray,28.85,Tasmannia,,xerophila,NA,NA,,(Parment.) M.Gray,kew-2518788,TRUE,1.1,Unresolved,Winteraceae,Tasmannia,,xerophila,,,(P.Parm.) M.Gray,kew-2518788,Unresolved,FALSE,FALSE,FALSE,13/04/2020,Tasmannia_xerophila
6700,Acaena pinnatifida Ruiz & Pav.,8.9,Acaena,,pinnatifida,NA,NA,,Ruiz & Pav.,rjp-3737,TRUE,1.1,Accepted,Rosaceae,Acaena,,pinnatifida,,,Ruiz & Pav.,rjp-3737,Accepted,FALSE,FALSE,FALSE,13/04/2020,Acaena_pinnatifida
6832,Achillea clavennae L. Orthodox,0.449,Achillea,,clavennae,NA,NA,,L. Orthodox,gcc-105259,TRUE,1.1,Accepted,Compositae,Achillea,,clavennae,,,L.,gcc-105259,Accepted,FALSE,FALSE,FALSE,13/04/2020,Achillea_clavennae
6840,Achillea erba-rotta All. subsp. moschata (Wulfen) Vacc.,0.274,Achillea,,erba-rotta,NA,subsp.,moschata,(Wulfen) Vacc.,gcc-68181,TRUE,1.1,Synonym,Compositae,Achillea,,erba-rotta,subsp.,moschata,(Wulfen) I.Richardson,gcc-23438,Accepted,FALSE,FALSE,FALSE,13/04/2020,Achillea_erba-rotta
6881,Aciphylla glacialis (F.Muell.) Benth.,5.899,Aciphylla,,glacialis,NA,NA,,(F.Muell.) Benth.,kew-2618030,TRUE,1.1,Accepted,Apiaceae,Aciphylla,,glacialis,,,(F.Muell.) Benth.,kew-2618030,Accepted,FALSE,FALSE,FALSE,13/04/2020,Aciphylla_glacialis
6889,Aciphylla simplicifolia F.Muell. ex Benth.,5.006,Aciphylla,,simplicifolia,NA,NA,,F.Muell. ex Benth.,kew-2618058,TRUE,1.1,Accepted,Apiaceae,Aciphylla,,simplicifolia,,,(F.Muell.) Benth.,kew-2618058,Accepted,FALSE,FALSE,FALSE,13/04/2020,Aciphylla_simplicifolia
7820,Anaphalis flavescens Hand.-Mazz.,0.0444,Anaphalis,,flavescens,NA,NA,,Hand.-Mazz.,gcc-45685,TRUE,1.1,Accepted,Compositae,Anaphalis,,flavescens,,,Hand.-Mazz.,gcc-45685,Accepted,FALSE,FALSE,FALSE,13/04/2020,Anaphalis_flavescens
7855,Androsace chamaejasme Wulfen ex Host Orthodox,0.5964,Androsace,,chamaejasme,NA,NA,,Wulfen ex Host Orthodox,tro-26400120,TRUE,1.1,Unresolved,Primulaceae,Androsace,,chamaejasme,,,Wulfen ex Host,tro-26400120,Unresolved,FALSE,FALSE,FALSE,13/04/2020,Androsace_chamaejasme
7858,Androsace obtusifolia All.,0.4268,Androsace,,obtusifolia,NA,NA,,All.,kew-2637668,TRUE,1.1,Accepted,Primulaceae,Androsace,,obtusifolia,,,All.,kew-2637668,Accepted,FALSE,FALSE,FALSE,13/04/2020,Androsace_obtusifolia
7862,Androsace villosa L.,1,Androsace,,villosa,NA,NA,,L.,kew-2637841,TRUE,1.1,Accepted,Primulaceae,Androsace,,villosa,,,L.,kew-2637841,Accepted,FALSE,FALSE,FALSE,13/04/2020,Androsace_villosa
7863,Androsace villosa L. subsp. koso-poljanskii (Ovcz.) Fed.,1.1564,Androsace,,villosa,NA,subsp.,koso-poljanskii,(Ovcz.) Fed.,kew-2637858,TRUE,1.1,Accepted,Primulaceae,Androsace,,villosa,subsp.,koso-poljanskii,(Ovcz.) Fed.,kew-2637858,Accepted,FALSE,FALSE,FALSE,13/04/2020,Androsace_villosa
7892,Anemone rivularis Buch.-Ham. ex DC. Orthodox,8.3141,Anemone,,rivularis,NA,NA,,Buch.-Ham. ex DC. Orthodox,kew-2638651,TRUE,1.1,Accepted,Ranunculaceae,Anemone,,rivularis,,,Buch.-Ham. ex DC.,kew-2638651,Accepted,FALSE,FALSE,FALSE,13/04/2020,Anemone_rivularis
7979,Antennaria dioica (L.) Gaertn. Uncertain,0.06,Antennaria,,dioica,NA,NA,,(L.) Gaertn. Uncertain,gcc-134033,TRUE,1.1,Accepted,Compositae,Antennaria,,dioica,,,(L.) Gaertn.,gcc-134033,Accepted,FALSE,FALSE,FALSE,13/04/2020,Antennaria_dioica
8059,Anthriscus sylvestris (L.) Hoffm. Orthodox,3.81,Anthriscus,,sylvestris,NA,NA,,(L.) Hoffm. Orthodox,kew-2641868,TRUE,1.1,Accepted,Apiaceae,Anthriscus,,sylvestris,,,(L.) Hoffm.,kew-2641868,Accepted,FALSE,FALSE,FALSE,13/04/2020,Anthriscus_sylvestris
8069,Anthyllis vulneraria subsp. maura Orthodox,2.208,Anthyllis,,vulneraria,NA,subsp.,maura,Orthodox,ild-7202,TRUE,1.1,Accepted,Leguminosae,Anthyllis,,vulneraria,subsp.,maura,(Beck) Maire,ild-7202,Accepted,FALSE,FALSE,FALSE,13/04/2020,Anthyllis_vulneraria
8070,Anthyllis vulneraria L. subsp. alpestris (Kit. ex Schult.) Asch. & Graebn.,4.7699,Anthyllis,,vulneraria,NA,subsp.,alpestris,(Kit. ex Schult.) Asch. & Graebn.,ild-9137,TRUE,1.1,Accepted,Leguminosae,Anthyllis,,vulneraria,subsp.,alpestris,(Hegetschw.) Asch. & Graebn.,ild-9137,Accepted,FALSE,FALSE,FALSE,13/04/2020,Anthyllis_vulneraria
8071,Anthyllis vulneraria L. Orthodox,3.11,Anthyllis,,vulneraria,NA,NA,,L. Orthodox,ild-7194,TRUE,1.1,Accepted,Leguminosae,Anthyllis,,vulneraria,,,L.,ild-7194,Accepted,FALSE,FALSE,FALSE,13/04/2020,Anthyllis_vulneraria
8072,Anthyllis vulneraria L. subsp. boissieri (Sagorski) Bornm. Orthodox,3.6768,Anthyllis,,vulneraria,NA,subsp.,boissieri,(Sagorski) Bornm. Orthodox,ild-9140,TRUE,1.1,Accepted,Leguminosae,Anthyllis,,vulneraria,subsp.,boissieri,(Sagorski) Bornm.,ild-9140,Accepted,FALSE,FALSE,FALSE,13/04/2020,Anthyllis_vulneraria
8073,Anthyllis vulneraria L. subsp. carpatica (Pant.) Nyman Orthodox,3.657,Anthyllis,,vulneraria,NA,subsp.,carpatica,(Pant.) Nyman Orthodox,ild-29451,TRUE,1.1,Accepted,Leguminosae,Anthyllis,,vulneraria,subsp.,carpatica,(Pant.) Nyman,ild-29451,Accepted,FALSE,FALSE,FALSE,13/04/2020,Anthyllis_vulneraria
8209,Arabis alpina L. Orthodox,0.4,Arabis,,alpina,NA,NA,,L. Orthodox,kew-2645295,TRUE,1.1,Accepted,Brassicaceae,Arabis,,alpina,,,L.,kew-2645295,Accepted,FALSE,FALSE,FALSE,13/04/2020,Arabis_alpina
8332,Arenaria biflora L.,0.0872,Arenaria,,biflora,NA,NA,,L.,kew-2649126,TRUE,1.1,Accepted,Caryophyllaceae,Arenaria,,biflora,,,L.,kew-2649126,Accepted,FALSE,FALSE,FALSE,13/04/2020,Arenaria_biflora
8337,Arenaria grandiflora L.,0.5456,Arenaria,,grandiflora,NA,NA,,L.,kew-2649479,TRUE,1.1,Accepted,Caryophyllaceae,Arenaria,,grandiflora,,,L.,kew-2649479,Accepted,FALSE,FALSE,FALSE,13/04/2020,Arenaria_grandiflora
8412,Armeria alpina Willd.,1.9264,Armeria,,alpina,NA,NA,,Willd.,kew-2652209,TRUE,1.1,Accepted,Plumbaginaceae,Armeria,,alpina,,,(DC.) Willd.,kew-2652209,Accepted,FALSE,FALSE,FALSE,13/04/2020,Armeria_alpina
8415,Armeria cantabrica Boiss. & Reut. ex Willk. & Lange,1.7292,Armeria,,cantabrica,NA,NA,,Boiss. & Reut. ex Willk. & Lange,kew-2652323,TRUE,1.1,Accepted,Plumbaginaceae,Armeria,,cantabrica,,,Boiss. & Reut. ex Willk. & Lange,kew-2652323,Accepted,FALSE,FALSE,FALSE,13/04/2020,Armeria_cantabrica
8444,Arnica montana L. subsp. atlantica A.Bol\'f2s,1.0704,Arnica,,montana,NA,subsp.,atlantica,A.Bol\'f2s,gcc-103364,FALSE,1.1,Accepted,Compositae,Arnica,,montana,,,L.,gcc-103364,Accepted,FALSE,FALSE,TRUE,13/04/2020,Arnica_montana
8445,Arnica montana L. Orthodox p,1.5061,Arnica,,montana,NA,NA,p,L. Orthodox,gcc-103364,TRUE,1.1,Accepted,Compositae,Arnica,,montana,,,L.,gcc-103364,Accepted,TRUE,FALSE,FALSE,13/04/2020,Arnica_montana
8484,Artemisia genipi Weber Orthodox,0.22,Artemisia,,genipi,NA,NA,,Weber Orthodox,gcc-21038,TRUE,1.1,Accepted,Compositae,Artemisia,,genipi,,,Weber ex Stechm.,gcc-21038,Accepted,FALSE,FALSE,FALSE,13/04/2020,Artemisia_genipi
8513,Artemisia santolinifolia Turcz. ex Bess. Orthodox,0.064,Artemisia,,santolinifolia,NA,NA,,Turcz. ex Bess. Orthodox,gcc-111827,TRUE,1.1,Synonym,Compositae,Artemisia,,gmelinii,,,Weber ex Stechm.,gcc-41142,Accepted,FALSE,FALSE,FALSE,13/04/2020,Artemisia_gmelinii
8526,Artemisia umbelliformis Lam. Orthodox,0.2899,Artemisia,,umbelliformis,NA,NA,,Lam. Orthodox,gcc-107163,TRUE,1.1,Accepted,Compositae,Artemisia,,umbelliformis,,,Lam.,gcc-107163,Accepted,FALSE,FALSE,FALSE,13/04/2020,Artemisia_umbelliformis
8638,Aster alpinus L. Uncertain,0.9,Aster,,alpinus,NA,NA,,L. Uncertain,gcc-47737,TRUE,1.1,Accepted,Compositae,Aster,,alpinus,,,L.,gcc-47737,Accepted,FALSE,FALSE,FALSE,13/04/2020,Aster_alpinus
8665,Aster serpentimontanus Tamamsch. Orthodox,0.9576,Aster,,serpentimontanus,NA,NA,,Tamamsch. Orthodox,gcc-99590,TRUE,1.1,Synonym,Compositae,Aster,,alpinus,var.,serpentimontanus,(Tamamsch.) Ling,gcc-33883,Accepted,FALSE,FALSE,FALSE,13/04/2020,Aster_alpinus
9100,Azorella madreporica Clos,1.3,Azorella,,madreporica,NA,NA,,Clos,kew-2667463,TRUE,1.1,Accepted,Apiaceae,Azorella,,madreporica,,,Clos,kew-2667463,Accepted,FALSE,FALSE,FALSE,13/04/2020,Azorella_madreporica
9147,Baeckea gunniana Schauer ex Walp.,0.746,Baeckea,,gunniana,NA,NA,,Schauer ex Walp.,kew-19207,TRUE,1.1,Accepted,Myrtaceae,Baeckea,,gunniana,,,Schauer ex Walp.,kew-19207,Accepted,FALSE,FALSE,FALSE,13/04/2020,Baeckea_gunniana
9155,Baeckea utilis F.Muell. ex Miq.,0.062,Baeckea,,utilis,NA,NA,,F.Muell. ex Miq.,kew-19297,TRUE,1.1,Accepted,Myrtaceae,Baeckea,,utilis,,,F.Muell. ex Miq.,kew-19297,Accepted,FALSE,FALSE,FALSE,13/04/2020,Baeckea_utilis
9394,Bartsia alpina L. Orthodox?,0.28,Bartsia,,alpina,NA,NA,,L. Orthodox?,kew-2670487,TRUE,1.1,Accepted,Orobanchaceae,Bartsia,,alpina,,,L.,kew-2670487,Accepted,FALSE,FALSE,FALSE,13/04/2020,Bartsia_alpina
9716,Biscutella laevigata subsp. prinzerae Raffaelli & L.Baldoin Orthodox,3.974,Biscutella,,laevigata,NA,subsp.,prinzerae,Raffaelli & L.Baldoin Orthodox,kew-2676416,FALSE,1.1,Accepted,Brassicaceae,Biscutella,,laevigata,,,L.,kew-2676416,Accepted,FALSE,FALSE,TRUE,13/04/2020,Biscutella_laevigata
9717,Biscutella laevigata L. Uncertain,4.36,Biscutella,,laevigata,NA,NA,,L. Uncertain,kew-2676416,TRUE,1.1,Accepted,Brassicaceae,Biscutella,,laevigata,,,L.,kew-2676416,Accepted,FALSE,FALSE,FALSE,13/04/2020,Biscutella_laevigata
9718,Bistorta vivipara (L.) Delarbre,2.25,Bistorta,,vivipara,NA,NA,,(L.) Delarbre,kew-2676863,TRUE,1.1,Synonym,Polygonaceae,Persicaria,,vivipara,,,(L.) Ronse Decr.,kew-2572250,Accepted,FALSE,FALSE,FALSE,13/04/2020,Persicaria_vivipara
9976,Brachyscome rigidula (DC.) G.L.Davis,0.304,Brachyscome,,rigidula,NA,NA,,(DC.) G.L.Davis,gcc-95166,TRUE,1.1,Accepted,Compositae,Brachyscome,,rigidula,,,(DC.) G.L.Davis,gcc-95166,Accepted,FALSE,FALSE,FALSE,13/04/2020,Brachyscome_rigidula
9979,Brachyscome spathulata Gaudich. subsp. spathulata,0.5092,Brachyscome,,spathulata,NA,subsp.,spathulata,Gaudich.,gcc-67749,TRUE,1.1,Synonym,Compositae,Brachyscome,,spathulata,,,Gaudich.,gcc-29103,Accepted,FALSE,FALSE,FALSE,13/04/2020,Brachyscome_spathulata
9980,Brachyscome spathulata Gaudich. subsp. glabra (DC.) H.Stace,0.3284,Brachyscome,,spathulata,NA,subsp.,glabra,(DC.) H.Stace,gcc-56168,TRUE,1.1,Accepted,Compositae,Brachyscome,,spathulata,subsp.,glabra,(DC.) Stace,gcc-56168,Accepted,FALSE,FALSE,FALSE,13/04/2020,Brachyscome_spathulata
10367,Callistemon pityoides F.Muell. Orthodox p,0.25,Callistemon,,pityoides,NA,NA,p,F.Muell. Orthodox,kew-31478,FALSE,1.1,Accepted,Myrtaceae,Callistemon,,pityoides,,,F.Muell.,kew-31478,Accepted,FALSE,FALSE,TRUE,13/04/2020,Callistemon_pityoides
10388,Callitriche palustris L. Orthodox,0.082,Callitriche,,palustris,NA,NA,,L. Orthodox,kew-31649,TRUE,1.1,Accepted,Plantaginaceae,Callitriche,,palustris,,,L.,kew-31649,Accepted,FALSE,FALSE,FALSE,13/04/2020,Callitriche_palustris
10552,Campanula alpina Jacq.,0.1712,Campanula,,alpina,NA,NA,,Jacq.,kew-363905,TRUE,1.1,Accepted,Campanulaceae,Campanula,,alpina,,,Jacq.,kew-363905,Accepted,FALSE,FALSE,FALSE,13/04/2020,Campanula_alpina
10553,Campanula alpina Jacq. subsp. alpina,0.3804,Campanula,,alpina,NA,subsp.,alpina,Jacq.,kew-375957,TRUE,1.1,Synonym,Campanulaceae,Campanula,,alpina,,,Jacq.,kew-363905,Accepted,FALSE,FALSE,FALSE,13/04/2020,Campanula_alpina
10556,Campanula barbata L. Orthodox,0.1055,Campanula,,barbata,NA,NA,,L. Orthodox,kew-364044,TRUE,1.1,Accepted,Campanulaceae,Campanula,,barbata,,,L.,kew-364044,Accepted,FALSE,FALSE,FALSE,13/04/2020,Campanula_barbata
10564,Campanula collina Sims,0.0536,Campanula,,collina,NA,NA,,Sims,kew-364382,TRUE,1.1,Accepted,Campanulaceae,Campanula,,collina,,,Sims,kew-364382,Accepted,FALSE,FALSE,FALSE,13/04/2020,Campanula_collina
10565,Campanula collina Sims subsp. fondervisii (Albov) Ogan.,0.1972,Campanula,,collina,NA,subsp.,fondervisii,(Albov) Ogan.,kew-364387,TRUE,1.1,Accepted,Campanulaceae,Campanula,,collina,subsp.,fondervisii,(Albov) Ogan.,kew-364387,Accepted,FALSE,FALSE,FALSE,13/04/2020,Campanula_collina
10617,Campanula scheuchzeri Vill. Uncertain,0.0572,Campanula,,scheuchzeri,NA,NA,,Vill. Uncertain,kew-366203,TRUE,1.1,Accepted,Campanulaceae,Campanula,,scheuchzeri,,,Vill.,kew-366203,Accepted,FALSE,FALSE,FALSE,13/04/2020,Campanula_scheuchzeri
10633,Campanula thyrsoides L. Orthodox,0.0844,Campanula,,thyrsoides,NA,NA,,L. Orthodox,kew-366522,TRUE,1.1,Accepted,Campanulaceae,Campanula,,thyrsoides,,,L.,kew-366522,Accepted,FALSE,FALSE,FALSE,13/04/2020,Campanula_thyrsoides
10886,Carum carvi L. Orthodox p,2.3,Carum,,carvi,NA,NA,p,L. Orthodox,kew-2701499,TRUE,1.1,Accepted,Apiaceae,Carum,,carvi,,,L.,kew-2701499,Accepted,TRUE,FALSE,FALSE,13/04/2020,Carum_carvi
11184,Celmisia costiniana M.Gray & Given,2.977,Celmisia,,costiniana,NA,NA,,M.Gray & Given,gcc-13059,TRUE,1.1,Accepted,Compositae,Celmisia,,costiniana,,,M.Gray & Given,gcc-13059,Accepted,FALSE,FALSE,FALSE,13/04/2020,Celmisia_costiniana
11209,Celmisia pugioniformis M.Gray & Given,2.478,Celmisia,,pugioniformis,NA,NA,,M.Gray & Given,gcc-42612,TRUE,1.1,Accepted,Compositae,Celmisia,,pugioniformis,,,M.Gray & Given,gcc-42612,Accepted,FALSE,FALSE,FALSE,13/04/2020,Celmisia_pugioniformis
11304,Centaurea nervosa Willd.,3.4184,Centaurea,,nervosa,NA,NA,,Willd.,gcc-104484,TRUE,1.1,Accepted,Compositae,Centaurea,,nervosa,,,Willd.,gcc-104484,Accepted,FALSE,FALSE,FALSE,13/04/2020,Centaurea_nervosa
11428,Cerastium arvense L. Orthodox,0.188,Cerastium,,arvense,NA,NA,,L. Orthodox,kew-2709949,TRUE,1.1,Accepted,Caryophyllaceae,Cerastium,,arvense,,,L.,kew-2709949,Accepted,FALSE,FALSE,FALSE,13/04/2020,Cerastium_arvense
11448,Cerastium latifolium L.,0.35,Cerastium,,latifolium,NA,NA,,L.,kew-2710513,TRUE,1.1,Accepted,Caryophyllaceae,Cerastium,,latifolium,,,L.,kew-2710513,Accepted,FALSE,FALSE,FALSE,13/04/2020,Cerastium_latifolium
11464,Cerastium uniflorum Clairv.,0.2556,Cerastium,,uniflorum,NA,NA,,Clairv.,kew-2710981,TRUE,1.1,Accepted,Caryophyllaceae,Cerastium,,uniflorum,,,Clairv.,kew-2710981,Accepted,FALSE,FALSE,FALSE,13/04/2020,Cerastium_uniflorum
11556,Chaetanthera euphrasioides (DC.) F.Meigen,1.4546,Chaetanthera,,euphrasioides,NA,NA,,(DC.) F.Meigen,gcc-124199,TRUE,1.1,Accepted,Compositae,Chaetanthera,,euphrasioides,,,(DC.) F.Meigen,gcc-124199,Accepted,FALSE,FALSE,FALSE,13/04/2020,Chaetanthera_euphrasioides
11562,Chaetanthera microphylla (Cass.) Hook. & Arn.,0.688,Chaetanthera,,microphylla,NA,NA,,(Cass.) Hook. & Arn.,gcc-9925,TRUE,1.1,Accepted,Compositae,Chaetanthera,,microphylla,,,(Cass.) Hook. & Arn.,gcc-9925,Accepted,FALSE,FALSE,FALSE,13/04/2020,Chaetanthera_microphylla
11593,Chamaenerion angustifolium (L.) Scop. Orthodox,0.25,Chamaenerion,,angustifolium,NA,NA,,(L.) Scop. Orthodox,kew-2715606,TRUE,1.1,Synonym,Onagraceae,Epilobium,,angustifolium,,,L.,kew-2790112,Accepted,FALSE,FALSE,FALSE,13/04/2020,Epilobium_angustifolium
11864,Cirsium arvense (L.) Scop. Orthodox,1.3,Cirsium,,arvense,NA,NA,,(L.) Scop. Orthodox,gcc-106632,TRUE,1.1,Accepted,Compositae,Cirsium,,arvense,,,(L.) Scop.,gcc-106632,Accepted,FALSE,FALSE,FALSE,13/04/2020,Cirsium_arvense
11899,Cirsium incanum (S.G. Gmel.) Fisch. ex M. Bieb.,1.2688,Cirsium,,incanum,NA,NA,,(S.G. Gmel.) Fisch. ex M. Bieb.,gcc-134080,TRUE,1.1,Synonym,Compositae,Cirsium,,arvense,,,(L.) Scop.,gcc-106632,Accepted,FALSE,FALSE,FALSE,13/04/2020,Cirsium_arvense
11926,Cirsium spinosissimum (L.) Scop. Uncertain,2.8964,Cirsium,,spinosissimum,NA,NA,,(L.) Scop. Uncertain,gcc-126774,TRUE,1.1,Accepted,Compositae,Cirsium,,spinosissimum,,,(L.) Scop.,gcc-126774,Accepted,FALSE,FALSE,FALSE,13/04/2020,Cirsium_spinosissimum
12115,Clematis tangutica (Maxim.) Korsh.,1.9596,Clematis,,tangutica,NA,NA,,(Maxim.) Korsh.,kew-2726787,TRUE,1.1,Accepted,Ranunculaceae,Clematis,,tangutica,,,(Maxim.) Korsh.,kew-2726787,Accepted,FALSE,FALSE,FALSE,13/04/2020,Clematis_tangutica
12351,Colobanthus affinis (Hook.) Hook.f.,0.1256,Colobanthus,,affinis,NA,NA,,(Hook.) Hook.f.,kew-2731283,TRUE,1.1,Accepted,Caryophyllaceae,Colobanthus,,affinis,,,(Hook.) Hook.f.,kew-2731283,Accepted,FALSE,FALSE,FALSE,13/04/2020,Colobanthus_affinis
12574,Convolvulus arvensis L. Orthodox,15.1,Convolvulus,,arvensis,NA,NA,,L. Orthodox,tro-8500005,TRUE,1.1,Accepted,Convolvulaceae,Convolvulus,,arvensis,,,L.,tro-8500005,Accepted,FALSE,FALSE,FALSE,13/04/2020,Convolvulus_arvensis
13087,Craspedia jamesii J.Everett & J.Thompson,0.4458,Craspedia,,jamesii,NA,NA,,J.Everett & J.Thompson,gcc-107529,TRUE,1.1,Accepted,Compositae,Craspedia,,jamesii,,,J.Everett & Joy Thomps.,gcc-107529,Accepted,FALSE,FALSE,FALSE,13/04/2020,Craspedia_jamesii
13088,Craspedia lamicola J.Everett & Joy Thomps.,0.9644,Craspedia,,lamicola,NA,NA,,J.Everett & Joy Thomps.,gcc-9088,TRUE,1.1,Accepted,Compositae,Craspedia,,lamicola,,,J.Everett & Joy Thomps.,gcc-9088,Accepted,FALSE,FALSE,FALSE,13/04/2020,Craspedia_lamicola
13090,Craspedia leucantha F.Muell.,0.156,Craspedia,,leucantha,NA,NA,,F.Muell.,gcc-119749,TRUE,1.1,Accepted,Compositae,Craspedia,,leucantha,,,F.Muell.,gcc-119749,Accepted,FALSE,FALSE,FALSE,13/04/2020,Craspedia_leucantha
14257,Dianthus glacialis Haenke Orthodox,0.2891,Dianthus,,glacialis,NA,NA,,Haenke Orthodox,kew-2764282,TRUE,1.1,Accepted,Caryophyllaceae,Dianthus,,glacialis,,,Haenke,kew-2764282,Accepted,FALSE,FALSE,FALSE,13/04/2020,Dianthus_glacialis
14521,Diplaspis nivis Van den Borre & Henwood,1.0392,Diplaspis,,nivis,NA,NA,den,Borre & Henwood,,FALSE,1.1,,,Diplaspis,,nivis,NA,den,,,,FALSE,FALSE,FALSE,13/04/2020,Diplaspis_nivis
14783,Draba nemorosa L. Orthodox,0.04,Draba,,nemorosa,NA,NA,,L. Orthodox,kew-2777030,TRUE,1.1,Accepted,Brassicaceae,Draba,,nemorosa,,,L.,kew-2777030,Accepted,FALSE,FALSE,FALSE,13/04/2020,Draba_nemorosa
14829,Drosera arcturi Hook. Orthodox p,0.0564,Drosera,,arcturi,NA,NA,p,Hook. Orthodox,kew-64248,FALSE,1.1,Accepted,Droseraceae,Drosera,,arcturi,,,Hook.,kew-64248,Accepted,FALSE,FALSE,TRUE,13/04/2020,Drosera_arcturi
14866,Dryas octopetala subsp. octopetala Orthodox,0.4612,Dryas,,octopetala,NA,subsp.,octopetala,Orthodox,rjp-5511,TRUE,1.1,Synonym,Rosaceae,Dryas,,octopetala,,,L.,rjp-26,Accepted,FALSE,FALSE,FALSE,13/04/2020,Dryas_octopetala
14867,Dryas octopetala L. Orthodox,0.644,Dryas,,octopetala,NA,NA,,L. Orthodox,rjp-26,TRUE,1.1,Accepted,Rosaceae,Dryas,,octopetala,,,L.,rjp-26,Accepted,FALSE,FALSE,FALSE,13/04/2020,Dryas_octopetala
15230,Epacris glacialis (R.Br.) Spreng.,0.0356,Epacris,,glacialis,NA,NA,,(R.Br.) Spreng.,kew-2789684,TRUE,1.1,Accepted,Ericaceae,Epacris,,glacialis,,,(F.Muell.) M.Gray,kew-2789684,Accepted,FALSE,FALSE,FALSE,13/04/2020,Epacris_glacialis
15239,Epacris microphylla R.Br.,0.0552,Epacris,,microphylla,NA,NA,,R.Br.,kew-2789764,TRUE,1.1,Accepted,Ericaceae,Epacris,,microphylla,,,R.Br.,kew-2789764,Accepted,FALSE,FALSE,FALSE,13/04/2020,Epacris_microphylla
15243,Epacris paludosa R.Br.,0.0316,Epacris,,paludosa,NA,NA,,R.Br.,kew-2789783,TRUE,1.1,Accepted,Ericaceae,Epacris,,paludosa,,,R.Br.,kew-2789783,Accepted,FALSE,FALSE,FALSE,13/04/2020,Epacris_paludosa
15245,Epacris petrophila Hook.f.,0.0292,Epacris,,petrophila,NA,NA,,Hook.f.,kew-2789788,TRUE,1.1,Accepted,Ericaceae,Epacris,,petrophila,,,Hook.f.,kew-2789788,Accepted,FALSE,FALSE,FALSE,13/04/2020,Epacris_petrophila
15264,Epilobium angustifolium subsp. circumvagum,0.045,Epilobium,,angustifolium,NA,subsp.,circumvagum,,kew-2790117,TRUE,1.1,Accepted,Onagraceae,Epilobium,,angustifolium,subsp.,circumvagum,Mosquin,kew-2790117,Accepted,FALSE,FALSE,FALSE,13/04/2020,Epilobium_angustifolium
15265,Epilobium angustifolium L.,0.42,Epilobium,,angustifolium,NA,NA,,L.,kew-2790112,TRUE,1.1,Accepted,Onagraceae,Epilobium,,angustifolium,,,L.,kew-2790112,Accepted,FALSE,FALSE,FALSE,13/04/2020,Epilobium_angustifolium
15289,Epilobium gunnianum Hausskn.,0.0638,Epilobium,,gunnianum,NA,NA,,Hausskn.,kew-2790502,TRUE,1.1,Accepted,Onagraceae,Epilobium,,gunnianum,,,Hausskn.,kew-2790502,Accepted,FALSE,FALSE,FALSE,13/04/2020,Epilobium_gunnianum
15305,Epilobium palustre L. Orthodox,0.08,Epilobium,,palustre,NA,NA,,L. Orthodox,kew-2790841,TRUE,1.1,Accepted,Onagraceae,Epilobium,,palustre,,,L.,kew-2790841,Accepted,FALSE,FALSE,FALSE,13/04/2020,Epilobium_palustre
15623,Erigeron bellidioides Benth. & Hook.f.,0.6972,Erigeron,,bellidioides,NA,NA,,Benth. & Hook.f.,gcc-86077,TRUE,1.1,Unresolved,Compositae,Erigeron,,bellidioides,,,Benth. & Hook.f.,gcc-86077,Unresolved,FALSE,FALSE,FALSE,13/04/2020,Erigeron_bellidioides
15662,Erigeron paludicola S.J.Forbes,0.3408,Erigeron,,paludicola,NA,NA,,S.J.Forbes,gcc-22466,TRUE,1.1,Accepted,Compositae,Erigeron,,paludicola,,,S.J.Forbes,gcc-22466,Accepted,FALSE,FALSE,FALSE,13/04/2020,Erigeron_paludicola
15668,Erigeron pulchellus Michx.,0.158,Erigeron,,pulchellus,NA,NA,,Michx.,gcc-108753,TRUE,1.1,Accepted,Compositae,Erigeron,,pulchellus,,,Michx.,gcc-108753,Accepted,FALSE,FALSE,FALSE,13/04/2020,Erigeron_pulchellus
17135,Euphrasia collina subsp. tetragona (R.Br.) W.R.Barker Orthodox p,0.0588,Euphrasia,,collina,NA,subsp.,tetragona,(R.Br.) W.R.Barker Orthodox p,tro-100335450,TRUE,1.1,Unresolved,Orobanchaceae,Euphrasia,,collina,subsp.,tetragona,(R. Br.) W.R. Barker,tro-100335450,Unresolved,FALSE,FALSE,FALSE,13/04/2020,Euphrasia_collina
17136,Euphrasia collina subsp. osbornii W.R.Barker Orthodox p,0.0384,Euphrasia,,collina,NA,subsp.,osbornii,W.R.Barker Orthodox p,tro-100335438,FALSE,1.1,Unresolved,Orobanchaceae,Euphrasia,,collina,,,R. Br.,tro-100335438,Unresolved,FALSE,FALSE,TRUE,13/04/2020,Euphrasia_collina
17137,Euphrasia collina R.Br. subsp. Northwest Tasmania (A.Visom 216),0.05,Euphrasia,,collina,NA,subsp.,,R.Br. Northwest Tasmania (A.Visom 216),tro-100335438,TRUE,1.1,Unresolved,Orobanchaceae,Euphrasia,,collina,,,R. Br.,tro-100335438,Unresolved,FALSE,FALSE,FALSE,13/04/2020,Euphrasia_collina
17139,Euphrasia collina R.Br. subsp. diemenica (Spreng.) W.R.Barker,0.155,Euphrasia,,collina,NA,subsp.,diemenica,(Spreng.) W.R.Barker,tro-100335440,TRUE,1.1,Unresolved,Orobanchaceae,Euphrasia,,collina,subsp.,diemenica,(Spreng.) W.R. Barker,tro-100335440,Unresolved,FALSE,FALSE,FALSE,13/04/2020,Euphrasia_collina
17140,Euphrasia collina R.Br. subsp. diversicolor W.R.Barker,0.2504,Euphrasia,,collina,NA,subsp.,diversicolor,W.R.Barker,tro-100335438,FALSE,1.1,Unresolved,Orobanchaceae,Euphrasia,,collina,,,R. Br.,tro-100335438,Unresolved,FALSE,FALSE,TRUE,13/04/2020,Euphrasia_collina
17165,Euphrasia striata R.Br.,0.2408,Euphrasia,,striata,NA,NA,,R.Br.,tro-100335702,TRUE,1.1,Synonym,Orobanchaceae,Euphrasia,,collina,var.,striata,(R.Br.) Ewart,kew-2803972,Unresolved,FALSE,FALSE,FALSE,13/04/2020,Euphrasia_collina
17679,Galium boreale L. Uncertain,0.601,Galium,,boreale,NA,NA,,L. Uncertain,kew-85836,TRUE,1.1,Accepted,Rubiaceae,Galium,,boreale,,,L.,kew-85836,Accepted,FALSE,FALSE,FALSE,13/04/2020,Galium_boreale
17709,Galium montis-arerae Merxm. & Ehrend. Orthodox,0.6704,Galium,,montis-arerae,NA,NA,,Merxm. & Ehrend. Orthodox,kew-86891,TRUE,1.1,Accepted,Rubiaceae,Galium,,montis-arerae,,,Merxm. & Ehrend.,kew-86891,Accepted,FALSE,FALSE,FALSE,13/04/2020,Galium_montis-arerae
17887,Gaultheria pumila (L.f.) D.J.Middleton Orthodox,0.1204,Gaultheria,,pumila,NA,NA,,(L.f.) D.J.Middleton Orthodox,kew-2817997,TRUE,1.1,Accepted,Ericaceae,Gaultheria,,pumila,,,(L.f.) D.J.Middleton,kew-2817997,Accepted,FALSE,FALSE,FALSE,13/04/2020,Gaultheria_pumila
17973,Genista umbellata Clos,3.4,Genista,,umbellata,NA,NA,,Clos,ild-27340,TRUE,1.1,Synonym,Leguminosae,Anarthrophyllum,,gayanum,,,(A.Gray) B.D.Jacks.,ild-25012,Accepted,FALSE,FALSE,FALSE,13/04/2020,Anarthrophyllum_gayanum
17974,Gentiana acaulis L.,0.306,Gentiana,,acaulis,NA,NA,,L.,kew-2819808,TRUE,1.1,Accepted,Gentianaceae,Gentiana,,acaulis,,,L.,kew-2819808,Accepted,FALSE,FALSE,FALSE,13/04/2020,Gentiana_acaulis
17979,Gentiana angulosa M.Bieb.,0.1132,Gentiana,,angulosa,NA,NA,,M.Bieb.,kew-2819918,TRUE,1.1,Synonym,Gentianaceae,Gentiana,,verna,subsp.,pontica,(Soltok.) Hayek,kew-2821791,Accepted,FALSE,FALSE,FALSE,13/04/2020,Gentiana_verna
17980,Gentiana aquatica L.,0.0612,Gentiana,,aquatica,NA,NA,,L.,kew-2819951,TRUE,1.1,Accepted,Gentianaceae,Gentiana,,aquatica,,,L.,kew-2819951,Accepted,FALSE,FALSE,FALSE,13/04/2020,Gentiana_aquatica
17983,Gentiana clusii Perrier & Songeon,0.44,Gentiana,,clusii,NA,NA,,Perrier & Songeon,kew-2820247,TRUE,1.1,Accepted,Gentianaceae,Gentiana,,clusii,,,Perr. & Songeon,kew-2820247,Accepted,FALSE,FALSE,FALSE,13/04/2020,Gentiana_clusii
17995,Gentiana nivalis L. Orthodox,0.027,Gentiana,,nivalis,NA,NA,,L. Orthodox,kew-2821030,TRUE,1.1,Accepted,Gentianaceae,Gentiana,,nivalis,,,L.,kew-2821030,Accepted,FALSE,FALSE,FALSE,13/04/2020,Gentiana_nivalis
18000,Gentiana prostrata Haenke Orthodox,0.0583,Gentiana,,prostrata,NA,NA,,Haenke Orthodox,kew-2821243,TRUE,1.1,Accepted,Gentianaceae,Gentiana,,prostrata,,,Haenke,kew-2821243,Accepted,FALSE,FALSE,FALSE,13/04/2020,Gentiana_prostrata
18002,Gentiana punctata L. Uncertain,0.6989,Gentiana,,punctata,NA,NA,,L. Uncertain,kew-2821301,TRUE,1.1,Accepted,Gentianaceae,Gentiana,,punctata,,,L.,kew-2821301,Accepted,FALSE,FALSE,FALSE,13/04/2020,Gentiana_punctata
18014,Gentiana verna L. subsp. verna,0.0744,Gentiana,,verna,NA,subsp.,verna,L.,kew-2821774,TRUE,1.1,Accepted,Gentianaceae,Gentiana,,verna,,,L.,kew-2821774,Accepted,FALSE,FALSE,TRUE,13/04/2020,Gentiana_verna
18015,Gentiana verna L. Uncertain,0.0772,Gentiana,,verna,NA,NA,,L. Uncertain,kew-2821774,TRUE,1.1,Accepted,Gentianaceae,Gentiana,,verna,,,L.,kew-2821774,Accepted,FALSE,FALSE,FALSE,13/04/2020,Gentiana_verna
18037,Gentianella muelleriana (L.G.Adams) Glenny subsp. muelleriana,0.4126,Gentianella,,muelleriana,NA,subsp.,muelleriana,(L.G.Adams) Glenny,kew-2822182,TRUE,1.1,Accepted,Gentianaceae,Gentianella,,muelleriana,,,(L.G.Adams) Glenny,kew-2822182,Accepted,FALSE,FALSE,TRUE,13/04/2020,Gentianella_muelleriana
18111,Geum montanum L. Uncertain,1.044,Geum,,montanum,NA,NA,,L. Uncertain,rjp-95,TRUE,1.1,Accepted,Rosaceae,Geum,,montanum,,,L.,rjp-95,Accepted,FALSE,FALSE,FALSE,13/04/2020,Geum_montanum
18273,Gnaphalium supinum L. Orthodox,0.0852,Gnaphalium,,supinum,NA,NA,,L. Orthodox,gcc-16130,TRUE,1.1,Accepted,Compositae,Gnaphalium,,supinum,,,L.,gcc-16130,Accepted,FALSE,FALSE,FALSE,13/04/2020,Gnaphalium_supinum
19156,Hedysarum caucasicum M.Bieb. Orthodox p,6.686,Hedysarum,,caucasicum,NA,NA,p,M.Bieb. Orthodox,ild-32339,FALSE,1.1,Accepted,Leguminosae,Hedysarum,,caucasicum,,,M.Bieb.,ild-32339,Accepted,FALSE,FALSE,TRUE,13/04/2020,Hedysarum_caucasicum
19846,Hieracium pilosella L. Orthodox,0.2,Hieracium,,pilosella,NA,NA,,L. Orthodox,gcc-92917,TRUE,1.1,Synonym,Compositae,Pilosella,,officinarum,,,Vaill.,gcc-25499,Accepted,FALSE,FALSE,FALSE,13/04/2020,Pilosella_officinarum
19915,Hippuris vulgaris L. Orthodox,0.967,Hippuris,,vulgaris,NA,NA,,L. Orthodox,kew-2851597,TRUE,1.1,Accepted,Plantaginaceae,Hippuris,,vulgaris,,,L.,kew-2851597,Accepted,FALSE,FALSE,FALSE,13/04/2020,Hippuris_vulgaris
19958,Homogyne alpina (L.) Cass. Uncertain,1.168,Homogyne,,alpina,NA,NA,,(L.) Cass. Uncertain,gcc-26056,TRUE,1.1,Accepted,Compositae,Homogyne,,alpina,,,(L.) Cass.,gcc-26056,Accepted,FALSE,FALSE,FALSE,13/04/2020,Homogyne_alpina
20269,Hypochaeris tenuifolia (Hook. & Arn.) Trev. ex Griseb.,4.4772,Hypochaeris,,tenuifolia,NA,NA,,(Hook. & Arn.) Trev. ex Griseb.,gcc-123492,TRUE,1.1,Unresolved,Compositae,Hypochaeris,,tenuifolia,,,(Hook. & Arn.) Trev. ex Griseb.,gcc-123492,Unresolved,FALSE,FALSE,FALSE,13/04/2020,Hypochaeris_tenuifolia
20834,Jasione cavanillesii C.Vicioso,0.096,Jasione,,cavanillesii,NA,NA,,C.Vicioso,kew-352179,TRUE,1.1,Accepted,Campanulaceae,Jasione,,cavanillesii,,,C.Vicioso,kew-352179,Accepted,FALSE,FALSE,FALSE,13/04/2020,Jasione_cavanillesii
20910,Jurinea humilis (Desf.) DC.,5.5759,Jurinea,,humilis,NA,NA,,(Desf.) DC.,gcc-28842,TRUE,1.1,Accepted,Compositae,Jurinea,,humilis,,,(Desf.) DC.,gcc-28842,Accepted,FALSE,FALSE,FALSE,13/04/2020,Jurinea_humilis
21012,Kelleria dieffenbachii (Hook.) Endl.,0.155,Kelleria,,dieffenbachii,NA,NA,,(Hook.) Endl.,tro-32000460,TRUE,1.1,Accepted,Thymelaeaceae,Kelleria,,dieffenbachii,,,(Hook.) Endl.,tro-32000460,Accepted,FALSE,FALSE,FALSE,13/04/2020,Kelleria_dieffenbachii
21113,Kunzea ericifolia subsp. subulata Toelken Orthodox,0.1969,Kunzea,,ericifolia,NA,subsp.,subulata,Toelken Orthodox,kew-106537,FALSE,1.1,Synonym,Myrtaceae,Kunzea,,muelleri,,,Benth.,kew-106560,Accepted,FALSE,FALSE,TRUE,13/04/2020,Kunzea_muelleri
21119,Kunzea muelleri Benth.,0.1444,Kunzea,,muelleri,NA,NA,,Benth.,kew-106560,TRUE,1.1,Accepted,Myrtaceae,Kunzea,,muelleri,,,Benth.,kew-106560,Accepted,FALSE,FALSE,FALSE,13/04/2020,Kunzea_muelleri
21309,Laretia acaulis Gill & Hook.,8.9281,Laretia,,acaulis,NA,NA,,Gill & Hook.,tro-1701882,TRUE,1.1,Accepted,Apiaceae,Laretia,,acaulis,,,(Cav.) Gillies & Hook.,tro-1701882,Accepted,FALSE,FALSE,FALSE,13/04/2020,Laretia_acaulis
21529,Leontodon helveticus M\'e9rat,1.71,Leontodon,,helveticus,NA,NA,,M\'e9rat,gcc-21159,TRUE,1.1,Synonym,Compositae,Scorzoneroides,,helvetica,,,(Mérat) Holub,gcc-89379,Accepted,FALSE,FALSE,FALSE,13/04/2020,Scorzoneroides_helvetica
21530,Leontodon hispidus L. Orthodox,1.2,Leontodon,,hispidus,NA,NA,,L. Orthodox,gcc-117551,TRUE,1.1,Accepted,Compositae,Leontodon,,hispidus,,,L.,gcc-117551,Accepted,FALSE,FALSE,FALSE,13/04/2020,Leontodon_hispidus
21540,Leontopodium alpinum Cass. Orthodox p,0.1366,Leontopodium,,alpinum,NA,NA,p,Cass. Orthodox,gcc-10659,TRUE,1.1,Synonym,Compositae,Leontopodium,,nivale,subsp.,alpinum,(Cass.) Greuter,gcc-49185,Accepted,TRUE,FALSE,FALSE,13/04/2020,Leontopodium_nivale
21565,Lepidium apetalum L. Orthodox,0.2148,Lepidium,,apetalum,NA,NA,,L. Orthodox,kew-2338188,TRUE,1.1,Accepted,Brassicaceae,Lepidium,,apetalum,,,Willd.,kew-2338188,Accepted,FALSE,FALSE,FALSE,13/04/2020,Lepidium_apetalum
21591,Lepidium latifolium L. Orthodox,0.1,Lepidium,,latifolium,NA,NA,,L. Orthodox,kew-2338049,TRUE,1.1,Accepted,Brassicaceae,Lepidium,,latifolium,,,L.,kew-2338049,Accepted,FALSE,FALSE,FALSE,13/04/2020,Lepidium_latifolium
21909,Leucanthemopsis alpina (L.) Heyw. Orthodox,0.3801,Leucanthemopsis,,alpina,NA,NA,,(L.) Heyw. Orthodox,gcc-8447,TRUE,1.1,Accepted,Compositae,Leucanthemopsis,,alpina,,,(L.) Heywood,gcc-8447,Accepted,FALSE,FALSE,FALSE,13/04/2020,Leucanthemopsis_alpina
22168,Linaria tonzigii Lona,0.4333,Linaria,,tonzigii,NA,NA,,Lona,kew-2499715,TRUE,1.1,Accepted,Plantaginaceae,Linaria,,tonzigii,,,Lona,kew-2499715,Accepted,FALSE,FALSE,FALSE,13/04/2020,Linaria_tonzigii
22864,Madia sativa Molina Orthodox,3.1,Madia,,sativa,NA,NA,,Molina Orthodox,gcc-120995,TRUE,1.1,Accepted,Compositae,Madia,,sativa,,,Molina,gcc-120995,Accepted,FALSE,FALSE,FALSE,13/04/2020,Madia_sativa
23166,Matricaria caucasica (Willd.) Poir.,0.4236,Matricaria,,caucasica,NA,NA,,(Willd.) Poir.,gcc-135934,TRUE,1.1,Synonym,Compositae,Matricaria,,breviradiata,,,(Ledeb.) Rauschert,gcc-122451,Accepted,FALSE,FALSE,FALSE,13/04/2020,Matricaria_breviradiata
23217,Meconopsis horridula Hook.f. & Thomson Orthodox,0.19,Meconopsis,,horridula,NA,NA,,Hook.f. & Thomson Orthodox,tro-50117401,TRUE,1.1,Accepted,Papaveraceae,Meconopsis,,horridula,,,Hook. f. & Thomson,tro-50117401,Accepted,FALSE,FALSE,FALSE,13/04/2020,Meconopsis_horridula
23793,Microseris lanceolata (Walp.) Schultz.-Bip.,2.08,Microseris,,lanceolata,NA,NA,,(Walp.) Schultz.-Bip.,gcc-10616,TRUE,1.1,Accepted,Compositae,Microseris,,lanceolata,,,(Walp.) Sch.Bip.,gcc-10616,Accepted,FALSE,FALSE,FALSE,13/04/2020,Microseris_lanceolata
23796,Microsteris gracilis (Dougl. ex Hook.) Greene Orthodox,1.11,Microsteris,,gracilis,NA,NA,,(Dougl. ex Hook.) Greene Orthodox,kew-2509424,TRUE,1.1,Accepted,Polemoniaceae,Microsteris,,gracilis,,,(Douglas ex Hook.) Greene,kew-2509424,Accepted,FALSE,FALSE,FALSE,13/04/2020,Microsteris_gracilis
23960,Minuartia verna (L.) Hiern Orthodox?,0.18,Minuartia,,verna,NA,NA,,(L.) Hiern Orthodox?,kew-2369324,TRUE,1.1,Accepted,Caryophyllaceae,Minuartia,,verna,,,(L.) Hiern,kew-2369324,Accepted,FALSE,FALSE,FALSE,13/04/2020,Minuartia_verna
24211,Myosotis alpestris F.W.Schmidt Orthodox p,0.85,Myosotis,,alpestris,NA,NA,p,F.W.Schmidt Orthodox,kew-2357465,TRUE,1.1,Accepted,Boraginaceae,Myosotis,,alpestris,,,F.W.Schmidt,kew-2357465,Accepted,TRUE,FALSE,FALSE,13/04/2020,Myosotis_alpestris
24305,Nassauvia pinnigera D.Don,1.1,Nassauvia,,pinnigera,NA,NA,,D.Don,gcc-84998,TRUE,1.1,Accepted,Compositae,Nassauvia,,pinnigera,,,D.Don,gcc-84998,Accepted,FALSE,FALSE,FALSE,13/04/2020,Nassauvia_pinnigera
24393,Nepeta coerulescens Maxim.,0.9984,Nepeta,,coerulescens,NA,NA,,Maxim.,kew-134527,TRUE,1.1,Accepted,Lamiaceae,Nepeta,,coerulescens,,,Maxim.,kew-134527,Accepted,FALSE,FALSE,FALSE,13/04/2020,Nepeta_coerulescens
24482,Nicotiana corymbosa J.R\'e9my Orthodox,0.138,Nicotiana,,corymbosa,NA,NA,,J.R\'e9my Orthodox,kew-2382846,TRUE,1.1,Unresolved,Solanaceae,Nicotiana,,corymbosa,,,Remy,kew-2382846,Unresolved,FALSE,FALSE,FALSE,13/04/2020,Nicotiana_corymbosa
24767,Olearia algida N.A.Wakef.,0.419,Olearia,,algida,NA,NA,,N.A.Wakef.,gcc-27068,TRUE,1.1,Accepted,Compositae,Olearia,,algida,,,N.A.Wakef.,gcc-27068,Accepted,FALSE,FALSE,FALSE,13/04/2020,Olearia_algida
24814,Olearia phlogopappa var. flavescens (Hutch.) J.H.Willis,0.276,Olearia,,phlogopappa,NA,var.,flavescens,(Hutch.) J.H.Willis,gcc-6207,FALSE,1.1,Accepted,Compositae,Olearia,,phlogopappa,,,(Labill.) DC.,gcc-6207,Accepted,FALSE,FALSE,TRUE,13/04/2020,Olearia_phlogopappa
24815,Olearia phlogopappa var. subrepanda (DC.) J.H.Willis,1.117,Olearia,,phlogopappa,NA,var.,subrepanda,(DC.) J.H.Willis,gcc-6207,FALSE,1.1,Accepted,Compositae,Olearia,,phlogopappa,,,(Labill.) DC.,gcc-6207,Accepted,FALSE,FALSE,TRUE,13/04/2020,Olearia_phlogopappa
24816,Olearia phlogopappa (Labill.) DC.,0.4118,Olearia,,phlogopappa,NA,NA,,(Labill.) DC.,gcc-6207,TRUE,1.1,Accepted,Compositae,Olearia,,phlogopappa,,,(Labill.) DC.,gcc-6207,Accepted,FALSE,FALSE,FALSE,13/04/2020,Olearia_phlogopappa
25017,Oreomyrrhis ciliata Hook.f.,1.93,Oreomyrrhis,,ciliata,NA,NA,,Hook.f.,tro-50325421,TRUE,1.1,Synonym,Apiaceae,Chaerophyllum,,australianum,,,K.F.Chung,kew-2603922,Unresolved,FALSE,FALSE,FALSE,13/04/2020,Chaerophyllum_australianum
25018,Oreomyrrhis eriopoda (DC.) Hook.f. Orthodox,2.45,Oreomyrrhis,,eriopoda,NA,NA,,(DC.) Hook.f. Orthodox,tro-50325446,TRUE,1.1,Synonym,Apiaceae,Chaerophyllum,,eriopodum,,,(DC.) K.F.Chung,kew-2603933,Unresolved,FALSE,FALSE,FALSE,13/04/2020,Chaerophyllum_eriopodum
25224,Oxylobium ellipticum (Vent.) R.Br. Orthodox,3.87,Oxylobium,,ellipticum,NA,NA,,(Vent.) R.Br. Orthodox,ild-31365,TRUE,1.1,Accepted,Leguminosae,Oxylobium,,ellipticum,,,(Vent.) R.Br.,ild-31365,Accepted,FALSE,FALSE,FALSE,13/04/2020,Oxylobium_ellipticum
25229,Oxyria digyna (L.) Hill Uncertain,0.75,Oxyria,,digyna,NA,NA,,(L.) Hill Uncertain,kew-2396529,TRUE,1.1,Accepted,Polygonaceae,Oxyria,,digyna,,,(L.) Hill,kew-2396529,Accepted,FALSE,FALSE,FALSE,13/04/2020,Oxyria_digyna
25271,Ozothamnus alpinus (N.A.Wakef.) Anderb.,0.2876,Ozothamnus,,alpinus,NA,NA,,(N.A.Wakef.) Anderb.,gcc-88035,TRUE,1.1,Accepted,Compositae,Ozothamnus,,alpinus,,,(N.A.Wakef.) Anderb.,gcc-88035,Accepted,FALSE,FALSE,FALSE,13/04/2020,Ozothamnus_alpinus
25277,Ozothamnus cupressoides Puttock & D.J.Ohlesen,0.1714,Ozothamnus,,cupressoides,NA,NA,,Puttock & D.J.Ohlesen,,FALSE,1.1,,,Ozothamnus,,cupressoides,NA,,,,,FALSE,FALSE,FALSE,13/04/2020,Ozothamnus_cupressoides
25283,Ozothamnus hookeri Sond.,0.112,Ozothamnus,,hookeri,NA,NA,,Sond.,gcc-43792,TRUE,1.1,Accepted,Compositae,Ozothamnus,,hookeri,,,Sond.,gcc-43792,Accepted,FALSE,FALSE,FALSE,13/04/2020,Ozothamnus_hookeri
25380,Papaver alpinum L. Orthodox,0.1748,Papaver,,alpinum,NA,NA,,L. Orthodox,kew-2560657,TRUE,1.1,Accepted,Papaveraceae,Papaver,,alpinum,,,L.,kew-2560657,Accepted,FALSE,FALSE,FALSE,13/04/2020,Papaver_alpinum
25404,Papaver rhaeticum Leresche,0.18,Papaver,,rhaeticum,NA,NA,,Leresche,kew-2561551,TRUE,1.1,Synonym,Papaveraceae,Papaver,,alpinum,,,L.,kew-2560657,Accepted,FALSE,FALSE,FALSE,13/04/2020,Papaver_alpinum
25614,Pedicularis tuberosa L.,0.5448,Pedicularis,,tuberosa,NA,NA,,L.,kew-2550352,TRUE,1.1,Accepted,Orobanchaceae,Pedicularis,,tuberosa,,,L.,kew-2550352,Accepted,FALSE,FALSE,FALSE,13/04/2020,Pedicularis_tuberosa
25642,Pelargonium helmsii Carolin,1.05,Pelargonium,,helmsii,NA,NA,,Carolin,kew-2532571,TRUE,1.1,Unresolved,Geraniaceae,Pelargonium,,helmsii,,,Carolin,kew-2532571,Unresolved,FALSE,FALSE,FALSE,13/04/2020,Pelargonium_helmsii
25786,Pentachondra pumila (J.R. & G.Forst.) R.Br.,0.9,Pentachondra,,pumila,NA,NA,,(J.R. & G.Forst.) R.Br.,tro-12000021,TRUE,1.1,Accepted,Ericaceae,Pentachondra,,pumila,,,R. Br.,tro-12000021,Accepted,FALSE,FALSE,FALSE,13/04/2020,Pentachondra_pumila
26178,Phlox gracilis (Hook.) Greene,1.186,Phlox,,gracilis,NA,NA,,(Hook.) Greene,tro-25800538,TRUE,1.1,Synonym,Polemoniaceae,Microsteris,,gracilis,,,(Douglas ex Hook.) Greene,kew-2509424,Accepted,FALSE,FALSE,FALSE,13/04/2020,Microsteris_gracilis
26347,Pilosella officinarum F.W.Schultz & Schultz-Bip. Orthodox,0.1957,Pilosella,,officinarum,NA,NA,,F.W.Schultz & Schultz-Bip. Orthodox,gcc-76606,TRUE,1.1,Synonym,Compositae,Pilosella,,officinarum,,,Vaill.,gcc-25499,Accepted,FALSE,FALSE,FALSE,13/04/2020,Pilosella_officinarum
26352,Pimelea axiflora F.Muell. subsp. axiflora,2.5132,Pimelea,,axiflora,NA,subsp.,axiflora,F.Muell.,tro-50318838,TRUE,1.1,Synonym,Thymelaeaceae,Pimelea,,axiflora,,,F. Muell. ex Meisn.,tro-50318645,Accepted,FALSE,FALSE,FALSE,13/04/2020,Pimelea_axiflora
26372,Pimelea ligustrina Labill.,2.467,Pimelea,,ligustrina,NA,NA,,Labill.,tro-50318591,TRUE,1.1,Accepted,Thymelaeaceae,Pimelea,,ligustrina,,,Labill.,tro-50318591,Accepted,FALSE,FALSE,FALSE,13/04/2020,Pimelea_ligustrina
26373,Pimelea ligustrina Labill. subsp. ligustrina,3.936,Pimelea,,ligustrina,NA,subsp.,ligustrina,Labill.,tro-50318725,TRUE,1.1,Synonym,Thymelaeaceae,Pimelea,,ligustrina,,,Labill.,tro-50318591,Accepted,FALSE,FALSE,FALSE,13/04/2020,Pimelea_ligustrina
26531,Plantago alpina L. Orthodox,0.6,Plantago,,alpina,NA,NA,,L. Orthodox,kew-2571391,TRUE,1.1,Accepted,Plantaginaceae,Plantago,,alpina,,,L.,kew-2571391,Accepted,FALSE,FALSE,FALSE,13/04/2020,Plantago_alpina
26541,Plantago atrata Hoppe Orthodox,3.0744,Plantago,,atrata,NA,NA,,Hoppe Orthodox,kew-2571325,TRUE,1.1,Accepted,Plantaginaceae,Plantago,,atrata,,,Hoppe,kew-2571325,Accepted,FALSE,FALSE,FALSE,13/04/2020,Plantago_atrata
26762,Podolepis robusta (Maiden & Betche) J.H.Willis,0.628,Podolepis,,robusta,NA,NA,,(Maiden & Betche) J.H.Willis,gcc-43197,TRUE,1.1,Accepted,Compositae,Podolepis,,robusta,,,(Maiden & Betche) J.H.Willis,gcc-43197,Accepted,FALSE,FALSE,FALSE,13/04/2020,Podolepis_robusta
26767,Podospermum canum C.A.Mey.,2.7386,Podospermum,,canum,NA,NA,,C.A.Mey.,gcc-143238,TRUE,1.1,Accepted,Compositae,Podospermum,,canum,,,C.A.Mey.,gcc-143238,Accepted,FALSE,FALSE,FALSE,13/04/2020,Podospermum_canum
27124,Potentilla pamiroalaica Juz.,0.5152,Potentilla,,pamiroalaica,NA,NA,,Juz.,rjp-11106,TRUE,1.1,Accepted,Rosaceae,Potentilla,,pamiroalaica,,,Juz.,rjp-11106,Accepted,FALSE,FALSE,FALSE,13/04/2020,Potentilla_pamiroalaica
27212,Primula auricula L. subsp. hungarica (Borb\'e1s) So\'f3,0.2585,Primula,,auricula,NA,subsp.,hungarica,(Borb\'e1s) So\'f3,kew-2564954,FALSE,1.1,Accepted,Primulaceae,Primula,,auricula,,,L.,kew-2564954,Accepted,FALSE,FALSE,TRUE,13/04/2020,Primula_auricula
27213,Primula auricula L. Orthodox p,0.24,Primula,,auricula,NA,NA,p,L. Orthodox,kew-2564954,TRUE,1.1,Accepted,Primulaceae,Primula,,auricula,,,L.,kew-2564954,Accepted,TRUE,FALSE,FALSE,13/04/2020,Primula_auricula
27225,Primula farinosa L. Orthodox,0.07,Primula,,farinosa,NA,NA,,L. Orthodox,kew-2564807,TRUE,1.1,Accepted,Primulaceae,Primula,,farinosa,,,L.,kew-2564807,Accepted,FALSE,FALSE,FALSE,13/04/2020,Primula_farinosa
27227,Primula glaucescens Moretti Orthodox,0.28,Primula,,glaucescens,NA,NA,,Moretti Orthodox,kew-2565436,TRUE,1.1,Accepted,Primulaceae,Primula,,glaucescens,,,Moretti,kew-2565436,Accepted,FALSE,FALSE,FALSE,13/04/2020,Primula_glaucescens
27238,Primula minima L.,0.1484,Primula,,minima,NA,NA,,L.,kew-2565365,TRUE,1.1,Accepted,Primulaceae,Primula,,minima,,,L.,kew-2565365,Accepted,FALSE,FALSE,FALSE,13/04/2020,Primula_minima
27313,Prostanthera cuneata Benth.,1.4016,Prostanthera,,cuneata,NA,NA,,Benth.,kew-165708,TRUE,1.1,Accepted,Lamiaceae,Prostanthera,,cuneata,,,Benth.,kew-165708,Accepted,FALSE,FALSE,FALSE,13/04/2020,Prostanthera_cuneata
27672,Psychrophila introloba (F.Muell.) W.A.Weber,0.8792,Psychrophila,,introloba,NA,NA,,(F.Muell.) W.A.Weber,kew-2544405,TRUE,1.1,Unresolved,Ranunculaceae,Psychrophila,,introloba,,,(F.Muell.) W.A.Weber,kew-2544405,Unresolved,FALSE,FALSE,FALSE,13/04/2020,Psychrophila_introloba
27838,Pulsatilla alpina (L.) Delarbre,5.36,Pulsatilla,,alpina,NA,NA,,(L.) Delarbre,kew-2544518,TRUE,1.1,Synonym,Ranunculaceae,Anemone,,alpina,,,L.,kew-2638008,Accepted,FALSE,FALSE,FALSE,13/04/2020,Anemone_alpina
27839,Pulsatilla alpina (L.) Delarbre subsp. apiifolia (Scop.) Nyman,3.6288,Pulsatilla,,alpina,NA,subsp.,apiifolia,(Scop.) Nyman,kew-2870750,TRUE,1.1,Synonym,Ranunculaceae,Anemone,,alpina,subsp.,apiifolia,(Scop.) O.Bolòs & Vigo,kew-2638010,Accepted,FALSE,FALSE,FALSE,13/04/2020,Anemone_alpina
27852,Pulsatilla vernalis (L.) Mill. Orthodox,1.8966,Pulsatilla,,vernalis,NA,NA,,(L.) Mill. Orthodox,kew-2544131,TRUE,1.1,Synonym,Ranunculaceae,Anemone,,vernalis,,,L.,kew-2638789,Accepted,FALSE,FALSE,FALSE,13/04/2020,Anemone_vernalis
28103,Ranunculus aff. anemoneus F.Muell.,2.96,Ranunculus,,anemoneus,aff.,NA,,F.Muell.,kew-2524266,TRUE,1.1,Unresolved,Ranunculaceae,Ranunculus,,anemoneus,,,F.Muell.,kew-2524266,Unresolved,FALSE,FALSE,FALSE,13/04/2020,Ranunculus_anemoneus
28108,Ranunculus anemoneus F.Muell.,2.955,Ranunculus,,anemoneus,NA,NA,,F.Muell.,kew-2524266,TRUE,1.1,Unresolved,Ranunculaceae,Ranunculus,,anemoneus,,,F.Muell.,kew-2524266,Unresolved,FALSE,FALSE,FALSE,13/04/2020,Ranunculus_anemoneus
28139,Ranunculus graniticola Melville,1.7748,Ranunculus,,graniticola,NA,NA,,Melville,kew-2523911,TRUE,1.1,Unresolved,Ranunculaceae,Ranunculus,,graniticola,,,Melville,kew-2523911,Unresolved,FALSE,FALSE,FALSE,13/04/2020,Ranunculus_graniticola
28140,Ranunculus gunnianus Hook.,2.1368,Ranunculus,,gunnianus,NA,NA,,Hook.,kew-2523932,TRUE,1.1,Unresolved,Ranunculaceae,Ranunculus,,gunnianus,,,Hook.,kew-2523932,Unresolved,FALSE,FALSE,FALSE,13/04/2020,Ranunculus_gunnianus
28150,Ranunculus lappaceus Sm. Orthodox,2.7941,Ranunculus,,lappaceus,NA,NA,,Sm. Orthodox,kew-2523796,TRUE,1.1,Unresolved,Ranunculaceae,Ranunculus,,lappaceus,,,Sm.,kew-2523796,Unresolved,FALSE,FALSE,FALSE,13/04/2020,Ranunculus_lappaceus
28160,Ranunculus muelleri Benth.,1.4172,Ranunculus,,muelleri,NA,NA,,Benth.,kew-2526198,TRUE,1.1,Unresolved,Ranunculaceae,Ranunculus,,muelleri,,,Benth.,kew-2526198,Unresolved,FALSE,FALSE,FALSE,13/04/2020,Ranunculus_muelleri
28381,Rhodiola kirilowii (Regel) Maxim. Orthodox,0.1269,Rhodiola,,kirilowii,NA,NA,,(Regel) Maxim. Orthodox,tro-8903424,TRUE,1.1,Accepted,Crassulaceae,Rhodiola,,kirilowii,,,(Regel) Maxim.,tro-8903424,Accepted,FALSE,FALSE,FALSE,13/04/2020,Rhodiola_kirilowii
28398,Rhododendron ferrugineum L. Orthodox,0.028,Rhododendron,,ferrugineum,NA,NA,,L. Orthodox,kew-2419736,TRUE,1.1,Accepted,Ericaceae,Rhododendron,,ferrugineum,,,L.,kew-2419736,Accepted,FALSE,FALSE,FALSE,13/04/2020,Rhododendron_ferrugineum
28559,Richea continentis B.L.Burtt,0.0648,Richea,,continentis,NA,NA,,B.L.Burtt,kew-2419176,TRUE,1.1,Unresolved,Ericaceae,Richea,,continentis,,,B.L.Burtt,kew-2419176,Unresolved,FALSE,FALSE,FALSE,13/04/2020,Richea_continentis
28949,Rumex alpestris Jacq.,1.2168,Rumex,,alpestris,NA,NA,,Jacq.,kew-2424128,TRUE,1.1,Accepted,Polygonaceae,Rumex,,alpestris,,,Jacq.,kew-2424128,Accepted,FALSE,FALSE,FALSE,13/04/2020,Rumex_alpestris
28986,Rumex nepalensis Spreng. Orthodox,2.79,Rumex,,nepalensis,NA,NA,,Spreng. Orthodox,kew-2424706,TRUE,1.1,Accepted,Polygonaceae,Rumex,,nepalensis,,,Spreng.,kew-2424706,Accepted,FALSE,FALSE,FALSE,13/04/2020,Rumex_nepalensis
28987,Rumex nepalensis Spreng. var. nepalensis Orthodox,2.5588,Rumex,,nepalensis,NA,var.,nepalensis,Orthodox,tro-50136121,TRUE,1.1,Synonym,Polygonaceae,Rumex,,nepalensis,,,Spreng.,kew-2424706,Accepted,FALSE,FALSE,FALSE,13/04/2020,Rumex_nepalensis
29016,Rumex suffruticosus J.Gay ex Meisn.,1.1488,Rumex,,suffruticosus,NA,NA,,J.Gay ex Meisn.,kew-2418233,TRUE,1.1,Accepted,Polygonaceae,Rumex,,suffruticosus,,,J.Gay ex Meisn.,kew-2418233,Accepted,FALSE,FALSE,FALSE,13/04/2020,Rumex_suffruticosus
29382,Sanicula graveolens Poepp. ex DC. Orthodox,2.655,Sanicula,,graveolens,NA,NA,,Poepp. ex DC. Orthodox,kew-2480232,TRUE,1.1,Accepted,Apiaceae,Sanicula,,graveolens,,,Poepp. ex DC.,kew-2480232,Accepted,FALSE,FALSE,FALSE,13/04/2020,Sanicula_graveolens
29419,Saponaria lutea L.,0.678,Saponaria,,lutea,NA,NA,,L.,kew-2484882,TRUE,1.1,Accepted,Caryophyllaceae,Saponaria,,lutea,,,L.,kew-2484882,Accepted,FALSE,FALSE,FALSE,13/04/2020,Saponaria_lutea
29485,Saxifraga aizoides L. Orthodox,0.05,Saxifraga,,aizoides,NA,NA,,L. Orthodox,kew-2583407,TRUE,1.1,Accepted,Saxifragaceae,Saxifraga,,aizoides,,,L.,kew-2583407,Accepted,FALSE,FALSE,FALSE,13/04/2020,Saxifraga_aizoides
29487,Saxifraga bryoides L.,0.0302,Saxifraga,,bryoides,NA,NA,,L.,kew-2584772,TRUE,1.1,Accepted,Saxifragaceae,Saxifraga,,bryoides,,,L.,kew-2584772,Accepted,FALSE,FALSE,FALSE,13/04/2020,Saxifraga_bryoides
29495,Saxifraga exarata Vill.,0.074,Saxifraga,,exarata,NA,NA,,Vill.,kew-2584064,TRUE,1.1,Accepted,Saxifragaceae,Saxifraga,,exarata,,,Vill.,kew-2584064,Accepted,FALSE,FALSE,FALSE,13/04/2020,Saxifraga_exarata
29496,Saxifraga exarata Vill. subsp. moschata (Wulfen) Cavill. Orthodox,0.104,Saxifraga,,exarata,NA,subsp.,moschata,(Wulfen) Cavill. Orthodox,kew-2871951,TRUE,1.1,Accepted,Saxifragaceae,Saxifraga,,exarata,subsp.,moschata,(Wulfen) Cavill.,kew-2871951,Accepted,FALSE,FALSE,FALSE,13/04/2020,Saxifraga_exarata
29502,Saxifraga hostii Tausch,0.26,Saxifraga,,hostii,NA,NA,,Tausch,kew-2583969,TRUE,1.1,Accepted,Saxifragaceae,Saxifraga,,hostii,,,Tausch,kew-2583969,Accepted,FALSE,FALSE,FALSE,13/04/2020,Saxifraga_hostii
29515,Saxifraga oppositifolia L. Orthodox,0.11,Saxifraga,,oppositifolia,NA,NA,,L. Orthodox,kew-2583045,TRUE,1.1,Accepted,Saxifragaceae,Saxifraga,,oppositifolia,,,L.,kew-2583045,Accepted,FALSE,FALSE,FALSE,13/04/2020,Saxifraga_oppositifolia
29517,Saxifraga paniculata Mill. subsp. paniculata Orthodox,0.07,Saxifraga,,paniculata,NA,subsp.,paniculata,Orthodox,kew-2583049,TRUE,1.1,Accepted,Saxifragaceae,Saxifraga,,paniculata,,,Mill.,kew-2583049,Accepted,FALSE,FALSE,TRUE,13/04/2020,Saxifraga_paniculata
29518,Saxifraga paniculata Mill. Uncertain,0.055,Saxifraga,,paniculata,NA,NA,,Mill. Uncertain,kew-2583049,TRUE,1.1,Accepted,Saxifragaceae,Saxifraga,,paniculata,,,Mill.,kew-2583049,Accepted,FALSE,FALSE,FALSE,13/04/2020,Saxifraga_paniculata
29531,Saxifraga stellaris L. Orthodox,0.0352,Saxifraga,,stellaris,NA,NA,,L. Orthodox,kew-2584970,TRUE,1.1,Accepted,Saxifragaceae,Saxifraga,,stellaris,,,L.,kew-2584970,Accepted,FALSE,FALSE,FALSE,13/04/2020,Saxifraga_stellaris
29634,Schizanthus grahamii Gillies ex Hooker Orthodox,1.2261,Schizanthus,,grahamii,NA,NA,,Gillies ex Hooker Orthodox,tro-29603958,TRUE,1.1,Accepted,Solanaceae,Schizanthus,,grahamii,,,Gill. ex Hooker,tro-29603958,Accepted,FALSE,FALSE,FALSE,13/04/2020,Schizanthus_grahamii
29635,Schizanthus hookeri Gillies ex Graham Orthodox,1.5,Schizanthus,,hookeri,NA,NA,,Gillies ex Graham Orthodox,kew-2580784,TRUE,1.1,Accepted,Solanaceae,Schizanthus,,hookeri,,,Gillies ex Graham,kew-2580784,Accepted,FALSE,FALSE,FALSE,13/04/2020,Schizanthus_hookeri
29682,Scleranthus biflorus (J.R. & G.Forst.) Hook.f.,0.44,Scleranthus,,biflorus,NA,NA,,(J.R. & G.Forst.) Hook.f.,tro-6300193,TRUE,1.1,Synonym,Caryophyllaceae,Mniarum,,biflorum,,,J.R. Forst. & G. Forst.,tro-50076873,Accepted,FALSE,FALSE,FALSE,13/04/2020,Mniarum_biflorum
29739,Scorzonera cana var. alpina (C.A.Mey.) Hoffm. Orthodox,4.8228,Scorzonera,,cana,NA,var.,alpina,(C.A.Mey.) Hoffm. Orthodox,gcc-18328,FALSE,1.1,Synonym,Compositae,Podospermum,,canum,,,C.A.Mey.,gcc-143238,Accepted,FALSE,FALSE,TRUE,13/04/2020,Podospermum_canum
29740,Scorzonera cana (C.A.Mey.) O.Hoffm.,2.278,Scorzonera,,cana,NA,NA,,(C.A.Mey.) O.Hoffm.,gcc-18328,TRUE,1.1,Synonym,Compositae,Podospermum,,canum,,,C.A.Mey.,gcc-143238,Accepted,FALSE,FALSE,FALSE,13/04/2020,Podospermum_canum
30003,Senecio doronicum L.,0.28,Senecio,,doronicum,NA,NA,,L.,gcc-43965,TRUE,1.1,Accepted,Compositae,Senecio,,doronicum,,,(L.) L.,gcc-43965,Accepted,FALSE,FALSE,FALSE,13/04/2020,Senecio_doronicum
30011,Senecio eruciformis Remy Orthodox p,0.6128,Senecio,,eruciformis,NA,NA,p,Remy Orthodox,gcc-43663,TRUE,1.1,Accepted,Compositae,Senecio,,eruciformis,,,J.Rémy,gcc-43663,Accepted,TRUE,FALSE,FALSE,13/04/2020,Senecio_eruciformis
30038,Senecio gunnii (Hook.f.) Belcher,0.253,Senecio,,gunnii,NA,NA,,(Hook.f.) Belcher,gcc-112653,TRUE,1.1,Accepted,Compositae,Senecio,,gunnii,,,(Hook.f.) Belcher,gcc-112653,Accepted,FALSE,FALSE,FALSE,13/04/2020,Senecio_gunnii
30053,Senecio incanus subsp. incanus,1.55,Senecio,,incanus,NA,subsp.,incanus,,gcc-69240,TRUE,1.1,Synonym,Compositae,Jacobaea,,incana,,,(L.) Veldkamp,gcc-10608,Accepted,FALSE,FALSE,FALSE,13/04/2020,Jacobaea_incana
30054,Senecio incanus L. Orthodox p,0.889,Senecio,,incanus,NA,NA,p,L. Orthodox,gcc-52157,TRUE,1.1,Synonym,Compositae,Jacobaea,,incana,,,(L.) Veldkamp,gcc-10608,Accepted,TRUE,FALSE,FALSE,13/04/2020,Jacobaea_incana
30147,Senecio squalidus L. subsp. rupestris (Waldst. & Kit.) Greuter,0.278,Senecio,,squalidus,NA,subsp.,rupestris,(Waldst. & Kit.) Greuter,gcc-57956,TRUE,1.1,Accepted,Compositae,Senecio,,squalidus,subsp.,rupestris,(Waldst. & Kit.) Greuter,gcc-57956,Accepted,FALSE,FALSE,FALSE,13/04/2020,Senecio_squalidus
30148,Senecio squalidus L. subsp. aethnensis (DC.) Greuter,0.3235,Senecio,,squalidus,NA,subsp.,aethnensis,(DC.) Greuter,gcc-33427,TRUE,1.1,Accepted,Compositae,Senecio,,squalidus,subsp.,aethnensis,(DC.) Greuter,gcc-33427,Accepted,FALSE,FALSE,FALSE,13/04/2020,Senecio_squalidus
30149,Senecio squalidus L. Orthodox,0.26,Senecio,,squalidus,NA,NA,,L. Orthodox,gcc-99298,TRUE,1.1,Accepted,Compositae,Senecio,,squalidus,,,L.,gcc-99298,Accepted,FALSE,FALSE,FALSE,13/04/2020,Senecio_squalidus
30443,Sibbaldia procumbens L. Orthodox,0.45,Sibbaldia,,procumbens,NA,NA,,L. Orthodox,rjp-21,TRUE,1.1,Accepted,Rosaceae,Sibbaldia,,procumbens,,,L.,rjp-21,Accepted,FALSE,FALSE,FALSE,13/04/2020,Sibbaldia_procumbens
30544,Silene acaulis (L) Jacq. subsp. bryoides (Jord.) Nyman,0.4192,Silene,,acaulis,NA,subsp.,bryoides,(Jord.) Nyman,kew-2870249,TRUE,1.1,Accepted,Caryophyllaceae,Silene,,acaulis,subsp.,bryoides,(Jord.) Nyman,kew-2870249,Accepted,FALSE,FALSE,FALSE,13/04/2020,Silene_acaulis
30545,Silene acaulis (L.) Jacq. subsp. acaulis,0.3696,Silene,,acaulis,NA,subsp.,acaulis,(L.) Jacq.,tro-6301668,TRUE,1.1,Synonym,Caryophyllaceae,Silene,,acaulis,,,(L.) Jacq.,kew-2485026,Accepted,FALSE,FALSE,FALSE,13/04/2020,Silene_acaulis
30546,Silene acaulis (L.) Jacq. Orthodox,0.29,Silene,,acaulis,NA,NA,,(L.) Jacq. Orthodox,kew-2485026,TRUE,1.1,Accepted,Caryophyllaceae,Silene,,acaulis,,,(L.) Jacq.,kew-2485026,Accepted,FALSE,FALSE,FALSE,13/04/2020,Silene_acaulis
30662,Silene rupestris L. Orthodox,0.0696,Silene,,rupestris,NA,NA,,L. Orthodox,kew-2486954,TRUE,1.1,Accepted,Caryophyllaceae,Silene,,rupestris,,,L.,kew-2486954,Accepted,FALSE,FALSE,FALSE,13/04/2020,Silene_rupestris
30678,Silene suecica (Loddiges) Greuter & Burdet Orthodox,0.088,Silene,,suecica,NA,NA,,(Loddiges) Greuter & Burdet Orthodox,kew-2487741,TRUE,1.1,Accepted,Caryophyllaceae,Silene,,suecica,,,(Lodd.) Greuter & Burdet,kew-2487741,Accepted,FALSE,FALSE,FALSE,13/04/2020,Silene_suecica
30688,Silene vallesia L. Orthodox,0.6768,Silene,,vallesia,NA,NA,,L. Orthodox,kew-2487910,TRUE,1.1,Accepted,Caryophyllaceae,Silene,,vallesia,,,L.,kew-2487910,Accepted,FALSE,FALSE,FALSE,13/04/2020,Silene_vallesia
30694,Silene vulgaris (Moench) Garcke subsp. glaerosa (Jord.) Marsden-Jones & Turrill,0.52,Silene,,vulgaris,NA,subsp.,glaerosa,(Jord.) Marsden-Jones & Turrill,kew-2487840,FALSE,1.1,Accepted,Caryophyllaceae,Silene,,vulgaris,,,(Moench) Garcke,kew-2487840,Accepted,FALSE,FALSE,TRUE,13/04/2020,Silene_vulgaris
30695,Silene vulgaris (Moench) Garcke Orthodox,1.3,Silene,,vulgaris,NA,NA,,(Moench) Garcke Orthodox,kew-2487840,TRUE,1.1,Accepted,Caryophyllaceae,Silene,,vulgaris,,,(Moench) Garcke,kew-2487840,Accepted,FALSE,FALSE,FALSE,13/04/2020,Silene_vulgaris
30697,Silene wallichiana Klotzsch Orthodox p,0.916,Silene,,wallichiana,NA,NA,p,Klotzsch Orthodox,tro-6300260,FALSE,1.1,Synonym,Caryophyllaceae,Silene,,vulgaris,,,(Moench) Garcke,kew-2487840,Accepted,FALSE,FALSE,TRUE,13/04/2020,Silene_vulgaris
30950,Soldanella alpina L. Uncertain,0.21,Soldanella,,alpina,NA,NA,,L. Uncertain,kew-2599168,TRUE,1.1,Accepted,Primulaceae,Soldanella,,alpina,,,L.,kew-2599168,Accepted,FALSE,FALSE,FALSE,13/04/2020,Soldanella_alpina
31004,Solidago virgaurea subsp. asiatica Kitam.,0.26,Solidago,,virgaurea,NA,subsp.,asiatica,Kitam.,gcc-71420,TRUE,1.1,Accepted,Compositae,Solidago,,virgaurea,subsp.,asiatica,Kitam. ex Hara,gcc-71420,Accepted,FALSE,FALSE,FALSE,13/04/2020,Solidago_virgaurea
31005,Solidago virgaurea L. subsp. dahurica (Kitag.) Kitag.,0.5764,Solidago,,virgaurea,NA,subsp.,dahurica,(Kitag.) Kitag.,gcc-51641,TRUE,1.1,Accepted,Compositae,Solidago,,virgaurea,subsp.,dahurica,(Kitag.) Kitag.,gcc-51641,Accepted,FALSE,FALSE,FALSE,13/04/2020,Solidago_virgaurea
31006,Solidago virgaurea L. subsp. minuta (L.) Arcang.,0.7688,Solidago,,virgaurea,NA,subsp.,minuta,(L.) Arcang.,gcc-70485,TRUE,1.1,Accepted,Compositae,Solidago,,virgaurea,subsp.,minuta,(L.) Arcang.,gcc-70485,Accepted,FALSE,FALSE,FALSE,13/04/2020,Solidago_virgaurea
31007,Solidago virgaurea L. subsp. turfosa (Grossh.) Greuter,0.1371,Solidago,,virgaurea,NA,subsp.,turfosa,(Grossh.) Greuter,gcc-7376,TRUE,1.1,Accepted,Compositae,Solidago,,virgaurea,subsp.,turfosa,(Woronow ex Grossh.) Greuter,gcc-7376,Accepted,FALSE,FALSE,FALSE,13/04/2020,Solidago_virgaurea
31008,Solidago virgaurea L. subsp. caucasica (Kem.-Nath.) Greuter,0.5492,Solidago,,virgaurea,NA,subsp.,caucasica,(Kem.-Nath.) Greuter,gcc-54570,TRUE,1.1,Accepted,Compositae,Solidago,,virgaurea,subsp.,caucasica,(Kem.-Nath.) Greuter,gcc-54570,Accepted,FALSE,FALSE,FALSE,13/04/2020,Solidago_virgaurea
31009,Solidago virgaurea L. Orthodox,0.52,Solidago,,virgaurea,NA,NA,,L. Orthodox,gcc-44550,TRUE,1.1,Accepted,Compositae,Solidago,,virgaurea,,,L.,gcc-44550,Accepted,FALSE,FALSE,FALSE,13/04/2020,Solidago_virgaurea
31343,Stachys grandidentata Lindl. Orthodox,2.1696,Stachys,,grandidentata,NA,NA,,Lindl. Orthodox,kew-195126,TRUE,1.1,Accepted,Lamiaceae,Stachys,,grandidentata,,,Lindl.,kew-195126,Accepted,FALSE,FALSE,FALSE,13/04/2020,Stachys_grandidentata
31392,Stackhousia monogyna Labill. Orthodox,2.6304,Stackhousia,,monogyna,NA,NA,,Labill. Orthodox,kew-2580257,TRUE,1.1,Unresolved,Celastraceae,Stackhousia,,monogyna,,,Labill.,kew-2580257,Unresolved,FALSE,FALSE,FALSE,13/04/2020,Stackhousia_monogyna
31395,Stackhousia pulvinaris F.Muell.,1.778,Stackhousia,,pulvinaris,NA,NA,,F.Muell.,kew-2580318,TRUE,1.1,Unresolved,Celastraceae,Stackhousia,,pulvinaris,,,F.Muell.,kew-2580318,Unresolved,FALSE,FALSE,FALSE,13/04/2020,Stackhousia_pulvinaris
31668,Stylidium graminifolium Sw. Orthodox,0.182,Stylidium,,graminifolium,NA,NA,,Sw. Orthodox,kew-2580901,TRUE,1.1,Unresolved,Stylidiaceae,Stylidium,,graminifolium,,,Sw.,kew-2580901,Unresolved,FALSE,FALSE,FALSE,13/04/2020,Stylidium_graminifolium
32122,Taraxacum alpinum Hegetschw. & Herrera Orthodox,0.58,Taraxacum,,alpinum,NA,NA,,Hegetschw. & Herrera Orthodox,gcc-19789,TRUE,1.1,Unresolved,Compositae,Taraxacum,,alpinum,,,Hegetschw.,gcc-19789,Unresolved,FALSE,FALSE,FALSE,13/04/2020,Taraxacum_alpinum
32498,Thalictrum alpinum L.,0.688,Thalictrum,,alpinum,NA,NA,,L.,kew-2516424,TRUE,1.1,Accepted,Ranunculaceae,Thalictrum,,alpinum,,,L.,kew-2516424,Accepted,FALSE,FALSE,FALSE,13/04/2020,Thalictrum_alpinum
32932,Trifolium badium Schreb. Orthodox,0.75,Trifolium,,badium,NA,NA,,Schreb. Orthodox,ild-9010,TRUE,1.1,Accepted,Leguminosae,Trifolium,,badium,,,Schreb.,ild-9010,Accepted,FALSE,FALSE,FALSE,13/04/2020,Trifolium_badium
32996,Trifolium pallescens DC. Orthodox,0.62,Trifolium,,pallescens,NA,NA,,DC. Orthodox,ild-9049,TRUE,1.1,Accepted,Leguminosae,Trifolium,,pallescens,,,Schreb.,ild-9049,Accepted,FALSE,FALSE,FALSE,13/04/2020,Trifolium_pallescens
33004,Trifolium pratense L. subsp. kotulae (Pawl.) Soj\'e1k,1.428,Trifolium,,pratense,NA,subsp.,kotulae,(Pawl.) Soj\'e1k,ild-8127,FALSE,1.1,Accepted,Leguminosae,Trifolium,,pratense,,,L.,ild-8127,Accepted,FALSE,FALSE,TRUE,13/04/2020,Trifolium_pratense
33005,Trifolium pratense L. Orthodox,1.4,Trifolium,,pratense,NA,NA,,L. Orthodox,ild-8127,TRUE,1.1,Accepted,Leguminosae,Trifolium,,pratense,,,L.,ild-8127,Accepted,FALSE,FALSE,FALSE,13/04/2020,Trifolium_pratense
33037,Trifolium thalii Vill.,1.2688,Trifolium,,thalii,NA,NA,,Vill.,ild-8174,TRUE,1.1,Accepted,Leguminosae,Trifolium,,thalii,,,Vill.,ild-8174,Accepted,FALSE,FALSE,FALSE,13/04/2020,Trifolium_thalii
33154,Trollius europaeus subsp. europaeus,0.9936,Trollius,,europaeus,NA,subsp.,europaeus,,kew-2514617,TRUE,1.1,Accepted,Ranunculaceae,Trollius,,europaeus,,,L.,kew-2514617,Accepted,FALSE,FALSE,TRUE,13/04/2020,Trollius_europaeus
33155,Trollius europaeus L. Orthodox,0.98,Trollius,,europaeus,NA,NA,,L. Orthodox,kew-2514617,TRUE,1.1,Accepted,Ranunculaceae,Trollius,,europaeus,,,L.,kew-2514617,Accepted,FALSE,FALSE,FALSE,13/04/2020,Trollius_europaeus
33645,Veronica alpina L. Orthodox?,0.049,Veronica,,alpina,NA,NA,,L. Orthodox?,kew-2453888,TRUE,1.1,Accepted,Plantaginaceae,Veronica,,alpina,,,L.,kew-2453888,Accepted,FALSE,FALSE,FALSE,13/04/2020,Veronica_alpina
33655,Veronica bellidioides L. Orthodox,0.11,Veronica,,bellidioides,NA,NA,,L. Orthodox,kew-2454035,TRUE,1.1,Accepted,Plantaginaceae,Veronica,,bellidioides,,,L.,kew-2454035,Accepted,FALSE,FALSE,FALSE,13/04/2020,Veronica_bellidioides
33675,Veronica fruticans Jacq. Orthodox,0.603,Veronica,,fruticans,NA,NA,,Jacq. Orthodox,kew-2462859,TRUE,1.1,Accepted,Plantaginaceae,Veronica,,fruticans,,,Jacq.,kew-2462859,Accepted,FALSE,FALSE,FALSE,13/04/2020,Veronica_fruticans
33702,Veronica perfoliata R.Br.,0.3,Veronica,,perfoliata,NA,NA,,R.Br.,kew-2463025,TRUE,1.1,Accepted,Plantaginaceae,Veronica,,perfoliata,,,R.Br.,kew-2463025,Accepted,FALSE,FALSE,FALSE,13/04/2020,Veronica_perfoliata
33920,Viola betonicifolia Sm. subsp. betonicifolia,1.3876,Viola,,betonicifolia,NA,subsp.,betonicifolia,Sm.,tro-33801371,TRUE,1.1,Accepted,Violaceae,Viola,,betonicifolia,,,Sm.,tro-33801371,Accepted,FALSE,FALSE,TRUE,13/04/2020,Viola_betonicifolia
33922,Viola betonicifolia Sm. Orthodox,1.3524,Viola,,betonicifolia,NA,NA,,Sm. Orthodox,tro-33801371,TRUE,1.1,Accepted,Violaceae,Viola,,betonicifolia,,,Sm.,tro-33801371,Accepted,FALSE,FALSE,FALSE,13/04/2020,Viola_betonicifolia
33929,Viola comollia Messara Orthodox,0.59,Viola,,comollia,NA,NA,,Messara Orthodox,kew-2463825,TRUE,1.1,Accepted,Violaceae,Viola,,comollia,,,Messara,kew-2463825,Accepted,FALSE,FALSE,FALSE,13/04/2020,Viola_comollia
33991,Viscaria alpina (L.) G.Don,0.051,Viscaria,,alpina,NA,NA,,(L.) G.Don,kew-2458633,TRUE,1.1,Synonym,Caryophyllaceae,Silene,,suecica,,,(Lodd.) Greuter & Burdet,kew-2487741,Accepted,FALSE,FALSE,FALSE,13/04/2020,Silene_suecica
34082,Wahlenbergia ceracea Lothian,0.025,Wahlenbergia,,ceracea,NA,NA,,Lothian,kew-357337,TRUE,1.1,Accepted,Campanulaceae,Wahlenbergia,,ceracea,,,Lothian,kew-357337,Accepted,FALSE,FALSE,FALSE,13/04/2020,Wahlenbergia_ceracea
34092,Wahlenbergia gloriosa Lothian Orthodox,0.046,Wahlenbergia,,gloriosa,NA,NA,,Lothian Orthodox,kew-357518,TRUE,1.1,Accepted,Campanulaceae,Wahlenbergia,,gloriosa,,,Lothian,kew-357518,Accepted,FALSE,FALSE,FALSE,13/04/2020,Wahlenbergia_gloriosa
34233,Xerochrysum subundulatum (Sch.Bip.) R.J.Bayer,0.5958,Xerochrysum,,subundulatum,NA,NA,,(Sch.Bip.) R.J.Bayer,gcc-91276,TRUE,1.1,Accepted,Compositae,Xerochrysum,,subundulatum,,,(Sch.Bip.) R.J.Bayer,gcc-91276,Accepted,FALSE,FALSE,FALSE,13/04/2020,Xerochrysum_subundulatum
