Taxon,Species,Family
Acaena alpina,Acaena alpina,Rosaceae
Acaena digitata,Acaena alpina,Rosaceae
Acaena pinnatifida,Acaena pinnatifida,Rosaceae
Acanthocalyx alba,Acanthocalyx alba,Caprifoliaceae
Achillea acuminata,Achillea acuminata,Compositae
Achillea atrata,Achillea atrata,Compositae
Achillea clavenae,Achillea clavennae,Compositae
Achillea clavennae,Achillea clavennae,Compositae
Achillea distans,Achillea distans,Compositae
Achillea erba-rotta,Achillea erba-rotta,Compositae
Achillea millefolium,Achillea millefolium,Compositae
Achillea moschata,Achillea erba-rotta,Compositae
Achillea nana,Achillea nana,Compositae
Achillea roseoalba,Achillea roseo-alba,Compositae
Achillea roseo-alba,Achillea roseo-alba,Compositae
Achnatherum extremiorientale (Hara) Keng ex P. C. Kuo,Stipa pekinensis,Poaceae
Achnatherum inebrians (Hance) Keng,Stipa inebrians,Poaceae
Achnatherum psilantherum,Achnatherum psilantherum,Poaceae
Achnatherum psilantherum Keng,Achnatherum psilantherum,Poaceae
Achnatherum sibiricum (L.) Keng ex Tzvel. ,Stipa sibirica,Poaceae
Achnatherum splendens (Trin.) Nevski,Stipa splendens,Poaceae
Achnatherum splenolens,Stipa splendens,Poaceae 
Aciphylla glacialis,Aciphylla glacialis,Apiaceae
Aciphylla simplicifolia,Aciphylla simplicifolia,Apiaceae
Aconitum barbatum,Aconitum barbatum,Ranunculaceae
Aconitum brunneum,Aconitum brunneum,Ranunculaceae
Aconitum flavum,Aconitum flavum,Ranunculaceae
Aconitum gymnandrum,Aconitum gymnandrum,Ranunculaceae
Aconitum gymnandrum Maxim.,Aconitum gymnandrum,Ranunculaceae
Aconitum henryi,Aconitum henryi,Ranunculaceae
Aconitum napellus,Aconitum napellus,Ranunculaceae
Aconitum sinomontanum,Aconitum sinomontanum,Ranunculaceae
Aconitum sinomontanum Nakai,Aconitum sinomontanum,Ranunculaceae
Aconitum tanguticum,Aconitum tanguticum,Ranunculaceae
Aconitum tauricum,Aconitum tauricum,Ranunculaceae
Acroglochin persicarioides,Acroglochin persicarioides,Amaranthaceae
Acroglochin persicarioides (Poir.)Mog.,Acroglochin persicarioides,Amaranthaceae
Acronema chinense,Acronema chinense,Apiaceae
Actaea cimicifuga,Actaea cimicifuga,Ranunculaceae
Actaea vaginata,Actaea vaginata,Ranunculaceae
Adenocaulon himalaicum,Adenocaulon himalaicum,Compositae
Adenophora himalayana,Adenophora himalayana,Campanulaceae
Adenophora liliifolioides,Adenophora liliifolioides,Campanulaceae
Adenophora potaninii,Adenophora potaninii,Campanulaceae
Adenophora potaninii Korsh.,Adenophora potaninii,Campanulaceae
Adenophora stenanthina,Adenophora stenanthina,Campanulaceae
Adenophora stenanthina (Ledeb.) Kitag.,Adenophora stenanthina,Campanulaceae
Adesmia emarginata,Adesmia emarginata,Leguminosae
Adesmia longipes,Adesmia longipes,Leguminosae
Adesmia papposa,Adesmia papposa,Leguminosae
Adesmia radicifolia,Adesmia radicifolia,Leguminosae
Adonis amurensis,Adonis amurensis,Ranunculaceae
Aeronema chinense,Acronema chinense,Apiaceae
Agrimonia pilosa,Agrimonia pilosa,Rosaceae
Agrimonia pilosa Ledeb,Agrimonia pilosa,Rosaceae
Agrostis alpina,Agrostis alpina,Poaceae
Agrostis capillaris,Agrostis capillaris,Poaceae
Agrostis gigantea,Agrostis gigantea,Poaceae
Agrostis gigantea Roth,Agrostis gigantea,Poaceae
Agrostis hookeriana,Agrostis hookeriana,Poaceae
Agrostis hugoniana,Agrostis hugoniana,Poaceae
Agrostis hugoniana Rendle,Agrostis hugoniana,Poaceae
Agrostis perlaxa Pilger,Agrostis hookeriana,Poaceae
Agrostis pilosula,Agrostis pilosula,Poaceae
Agrostis stolonifera,Agrostis stolonifera,Poaceae
Agrostis vinealis,Agrostis vinealis,Poaceae
Ajania fruticulosa,Ajania fruticulosa,Compositae
Ajania salicifolia,Ajania salicifolia,Compositae
Ajania salicifolia (Mattf.) Poljak.,Ajania salicifolia,Compositae
Ajania tenuifolia,Ajania tenuifolia,Compositae
Ajania tenuifolia (Jocq.) Tzvel.,Ajania tenuifolia,Compositae
Ajuga ciliata,Ajuga ciliata,Lamiaceae
Ajuga lupulina,Ajuga lupulina,Lamiaceae
Ajuga lupulina Maxim.,Ajuga lupulina,Lamiaceae
Alchemilla glabra,Alchemilla glabra,Rosaceae
Alchemilla xanthochlora,Alchemilla xanthochlora,Rosaceae
Aletris alpestris,Aletris alpestris,Nartheciaceae
Aletris alpestris Diels,Aletris alpestris,Nartheciaceae
Aletris glandulifera,Aletris glandulifera,Nartheciaceae
Allium beesianum,Allium beesianum,Amaryllidaceae
Allium chrysanthum,Allium chrysanthum,Amaryllidaceae
Allium chrysocephalum,Allium chrysocephalum,Amaryllidaceae
Allium cyaneum,Allium cyaneum,Amaryllidaceae
Allium cyaneum Regel,Allium cyaneum,Amaryllidaceae
Allium cyathophorum,Allium cyathophorum,Amaryllidaceae
Allium insubricum,Allium insubricum,Amaryllidaceae
Allium listera,Allium listera,Amaryllidaceae
Allium macranthum,Allium macranthum,Amaryllidaceae
Allium mongolicum,Allium mongolicum,Amaryllidaceae
Allium ovalifolium,Allium ovalifolium,Amaryllidaceae
Allium polyrhizum,Allium polyrhizum,Amaryllidaceae
Allium prattii,Allium prattii,Amaryllidaceae
Allium przewalskianum,Allium przewalskianum,Amaryllidaceae
Allium ramosum,Allium ramosum,Amaryllidaceae
Allium rude,Allium rude,Amaryllidaceae
Allium rude J.M.Xu,Allium rude,Amaryllidaceae
Allium sikkimense,Allium sikkimense,Amaryllidaceae
Allium tanguticum,Allium tanguticum,Amaryllidaceae
Allium victorialis,Allium victorialis,Amaryllidaceae
Allium victorialis L.,Allium victorialis,Amaryllidaceae
Alstroemeria pallida,Alstroemeria pallida,Alstroemeriaceae
Alyssum murale,Alyssum murale,Brassicaceae
Amaranthus retroflexus,Amaranthus retroflexus,Amaranthaceae
Amethystea caerulea,Amethystea caerulea,Lamiaceae
Amethystea caerulea L.,Amethystea caerulea,Lamiaceae
Ampelodesmos mauritanicus,Ampelodesmos mauritanicus,Poaceae
Anaphalis aureopunctata,Anaphalis aureopunctata,Compositae
Anaphalis aureo-punctata Lingelsh et Borza,Anaphalis aureopunctata,Compositae
Anaphalis bicolor,Anaphalis bicolor,Compositae
Anaphalis flavescens,Anaphalis flavescens,Compositae
Anaphalis hancockii,Anaphalis hancockii,Compositae
Anaphalis hancockii Maxim.,Anaphalis hancockii,Compositae
Anaphalis lactea,Anaphalis lactea,Compositae
Anaphalis lactea Maxim.,Anaphalis lactea,Compositae
Anaphalis latialata,Anaphalis latialata,Compositae
Anaphalis margaritacea,Anaphalis margaritacea,Compositae
Anaphalis margaritacea (L.) Benth. et Hook. f.,Anaphalis margaritacea,Compositae
Anaphalis nepalensis,Anaphalis nepalensis,Compositae
Anarthrophyllum cumingii,Anarthrophyllum cumingii,Leguminosae
Anarthrophyllum gayanum,Anarthrophyllum gayanum,Leguminosae
Androsace chamaejasme,Androsace chamaejasme,Primulaceae
Androsace chamajasme,Androsace chamaejasme,Primulaceae
Androsace erecta,Androsace erecta,Primulaceae
Androsace erecta Maxim.,Androsace erecta,Primulaceae
Androsace gmelinii,Androsace gmelinii,Primulaceae
Androsace gmelinii (Gaertn.) Roem. et Schuit.,Androsace gmelinii,Primulaceae
Androsace mariae Kanitz.,Androsace tibetica,Primulaceae
Androsace obtusifolia,Androsace obtusifolia,Primulaceae
Androsace tibetica,Androsace tibetica,Primulaceae
Androsace villosa,Androsace villosa,Primulaceae
Anemone alpina,Anemone alpina,Ranunculaceae
Anemone obtusiloba,Anemone obtusiloba,Ranunculaceae
Anemone rivularis,Anemone rivularis,Ranunculaceae
Anemone rivularis Buch.-Ham.,Anemone rivularis,Ranunculaceae
Anemone vernalis,Anemone vernalis,Ranunculaceae
Angealia nitica,Angelica nitida,Apiaceae 
Angelica dahurica,Angelica dahurica,Apiaceae
Angelica laxifoliata,Angelica laxifoliata,Apiaceae
Angelica nitida,Angelica nitida,Apiaceae
Angelica nitida Wolff,Angelica nitida,Apiaceae
Anhyllis vulneraria,Anthyllis vulneraria,Leguminosae
Anisodus tanguticus,Anisodus tanguticus,Solanaceae
Anisodus tanguticus (Maxinowicz) Pascher,Anisodus tanguticus,Solanaceae
Antennaria dioica,Antennaria dioica,Compositae
Antennaria rosea,Antennaria rosea,Compositae
Anthemis cretica,Anthemis cretica,Compositae
Anthoxanthum alpinum,Anthoxanthum odoratum,Poaceae
Anthoxanthum odoratum,Anthoxanthum odoratum,Poaceae
Anthriscus sylvestris,Anthriscus sylvestris,Apiaceae
Anthriscus sylvestris (L.) Hoffm.,Anthriscus sylvestris,Apiaceae
Anthyllis vulneraria,Anthyllis vulneraria,Leguminosae
Anthyllis vulneraria ssp. alpina,Anthyllis vulneraria,Leguminosae
Antoxanthum alpinum,Anthoxanthum odoratum,Poaceae
Aquilegia ecalcarata,Aquilegia ecalcarata,Ranunculaceae
Aquilegia ecalcarata Maxim.,Aquilegia ecalcarata,Ranunculaceae
Aquilegia einseleana,Aquilegia einseleana,Ranunculaceae
Aquilegia oxysepala,Aquilegia oxysepala,Ranunculaceae
Aquilegia oxysepala Trautv. et Mey. var. kansuensis Bruhl,Aquilegia oxysepala,Ranunculaceae
Arabis alpina,Arabis alpina,Brassicaceae
Arabis caerulea,Arabis caerulea,Brassicaceae
Arabis hirsuta,Arabis hirsuta,Brassicaceae
Arabis pendula L.,Catolobus pendulus,Brassicaceae
Arctium lappa,Arctium lappa,Compositae
Arctium lappa L.,Arctium lappa,Compositae
Arenaria biflora,Arenaria biflora,Caryophyllaceae
Arenaria edgeworthiana,Arenaria edgeworthiana,Caryophyllaceae
Arenaria erinacea,Arenaria erinacea,Caryophyllaceae
Arenaria grandiflora subsp. incrassata,Arenaria grandiflora,Caryophyllaceae
Arenaria kansuensis,Arenaria kansuensis,Caryophyllaceae
Arenaria lychnidea,Eremogone lychnidea,Caryophyllaceae
Arenaria purpurascens,Arenaria purpurascens,Caryophyllaceae
Arenaria serpyllifolia,Arenaria serpyllifolia,Caryophyllaceae
Arenaria serpyllifolia L.,Arenaria serpyllifolia,Caryophyllaceae
Arisaema erubescens,Arisaema erubescens,Araceae
Arisaema erubescens (Wall.) Schott,Arisaema erubescens,Araceae
Aristida triseta,Aristida triseta,Poaceae
Armeria alpina,Armeria alpina,Plumbaginaceae
Armeria canescens,Armeria canescens,Plumbaginaceae
Armeria cantabrica,Armeria cantabrica,Plumbaginaceae
Arnica montana,Arnica montana,Compositae
Artemisia argyi,Artemisia argyi,Compositae
Artemisia argyi Lévl. et Vant.,Artemisia argyi,Compositae
Artemisia desertorum,Artemisia desertorum,Compositae
Artemisia desertorum Spreng. var. tongolensis Pamp.,Artemisia desertorum,Compositae
Artemisia dubia,Artemisia dubia,Compositae
Artemisia dubia Wall. ex Bess.,Artemisia dubia,Compositae
Artemisia eriantha,Artemisia umbelliformis,Compositae
Artemisia eriopoda,Artemisia eriopoda,Compositae
Artemisia genipi,Artemisia genipi,Compositae
Artemisia glacialis,Artemisia glacialis,Compositae
Artemisia gmelinii,Artemisia gmelinii,Compositae
Artemisia hedinii,Artemisia hedinii,Compositae
Artemisia hedinii Ostenf. et Pauls.,Artemisia hedinii,Compositae
Artemisia mongolica,Artemisia mongolica,Compositae
Artemisia mongolica (Fisch. ex Bess.) Nakai,Artemisia mongolica,Compositae
Artemisia parviflora,Artemisia parviflora,Compositae
Artemisia roxburghiana,Artemisia roxburghiana,Compositae
Artemisia roxburghiana Bess.,Artemisia roxburghiana,Compositae
Artemisia sacrorum Ledeb.,Artemisia gmelinii,Compositae
Artemisia scoparia,Artemisia scoparia,Compositae
Artemisia scoparia Waldst. et Kit.,Artemisia scoparia,Compositae
Artemisia sieversiana,Artemisia sieversiana,Compositae
Artemisia sieversiana Ehrhart ex Willd.,Artemisia sieversiana,Compositae
Artemisia siversiana,Artemisia siversiana,Compositae
Artemisia umbelliformis,Artemisia umbelliformis,Compositae
Asparagus longiflorus,Asparagus longiflorus,Asparagaceae
Asparagus longiflorus Franch.,Asparagus longiflorus,Asparagaceae
Asperugo procumbens,Asperugo procumbens,Boraginaceae
Asperugo procumbens L.,Asperugo procumbens,Boraginaceae
Asperula orientalis,Asperula orientalis,Rubiaceae
Astelia alpina var. novae-hollandiae,Astelia alpina,Asteliaceae
Astelia psychrocharis,Astelia psychrocharis,Asteliaceae
Aster ageratoides,Aster ageratoides,Compositae
Aster albescens,Aster albescens,Compositae
Aster alpinus,Aster alpinus,Compositae
Aster diplostephioides,Aster diplostephioides,Compositae
Aster diplostephioides (DC.) C.B.Clark,Aster diplostephioides,Compositae
Aster farreri,Aster farreri,Compositae
Aster farreri W. W. Sm. et J. F. Jeffr.,Aster farreri,Compositae
Aster poliothamnus,Aster poliothamnus,Compositae
Aster poliothamnus Diels,Aster poliothamnus,Compositae
Aster souliei,Aster souliei,Compositae
Aster yunnanensis,Aster yunnanensis,Compositae
Astibe chinensis,Astilbe rubra,Saxifragaceae
Astragalus adsurgens,Astragalus adsurgens,Leguminosae
Astragalus adsurgens Pall.,Astragalus adsurgens,Leguminosae
Astragalus australis,Astragalus australis,Leguminosae
Astragalus bhotanensis,Astragalus bhotanensis,Leguminosae
Astragalus bhotanensis Baker,Astragalus bhotanensis,Leguminosae
Astragalus floridulus,Astragalus floridulus,Leguminosae
Astragalus floridus,Astragalus floridus,Leguminosae
Astragalus mahoschanicus,Astragalus mahoschanicus,Leguminosae
Astragalus melilotoides,Astragalus melilotoides,Leguminosae
Astragalus melilotoides Pall.,Astragalus melilotoides,Leguminosae
Astragalus monadelphus,Astragalus monadelphus,Leguminosae
Astragalus peterae,Astragalus peterae,Leguminosae
Astragalus polycladus,Astragalus polycladus,Leguminosae
Astragalus polycladus Bur. et Franch. ,Astragalus polycladus,Leguminosae
Astragalus propinquus,Astragalus propinquus,Leguminosae
Astragalus przewalskii,Astragalus przewalskii,Leguminosae
Astragalus przewalskii Bunge ex Maxim.,Astragalus przewalskii,Leguminosae
Astragalus skythropos,Astragalus skythropos,Leguminosae
Astragalus skythropos Bunge,Astragalus skythropos,Leguminosae
Astragalus tanguticus,Astragalus tanguticus,Leguminosae
Astragalus tongolensis,Astragalus tongolensis,Leguminosae
Astragalus tongolensis Ulbr. var. glaber Pet.-Stib.,Astragalus tongolensis,Leguminosae
Astragalus vesiculosus,Astragalus vesiculosus,Leguminosae
Atriplex laevis,Atriplex laevis,Amaranthaceae
Australopyrum velutinum,Agropyron velutinum,Poaceae
Austrodanthonia alpicola,Rytidosperma alpicola,Poaceae
Avena fatua,Avena fatua,Poaceae
Avena sativa,Avena sativa,Poaceae
Avenella flexuosa,Deschampsia flexuosa,Poaceae
Avenula pratensis,Helictotrichon pratense,Poaceae
Avenula sulcata,Helictotrichon marginatum,Poaceae
Axyris amaranthoides,Axyris amaranthoides,Amaranthaceae
Axyris amaranthoides L.,Axyris amaranthoides,Amaranthaceae
Axyris amaron,Axyris amaranthoides,Amaranthaceae 
Axyris prostrata,Axyris prostrata,Amaranthaceae
Azorella madreporica,Azorella madreporica,Apiaceae
Baeckea gunniana,Baeckea gunniana,Myrtaceae
Baeckea utilis,Baeckea utilis,Myrtaceae
Bartsia alpina,Bartsia alpina,Orobanchaceae
Bassia scoparia,Bassia scoparia,Amaranthaceae
Batrachium bungei,Batrachium bungei,Ranunculaceae
Batrachium bungei (Steud.) L.Liou,Batrachium bungei,Ranunculaceae
Beckmannia syzigachne,Beckmannia syzigachne,Poaceae
Beckmannia syzigachne (Steud.) Fern.,Beckmannia syzigachne,Poaceae
Berberis montana,Berberis montana,Berberidaceae
Bidens bipinnata,Bidens bipinnata,Compositae
Bidens bipinnata L.,Bidens bipinnata,Compositae
Bidens tripartita,Bidens tripartita,Compositae
Bidens tripartita L.,Bidens tripartita,Compositae
Biebersteinia heterostemon,Biebersteinia heterostemon,Biebersteiniaceae
Biscutella laevigata,Biscutella laevigata,Brassicaceae
Blysmus sinocompressus,Blysmus sinocompressus,Cyperaceae
Brachypodium pinnatum,Brachypodium pinnatum,Poaceae
Brachypodium sylvaticum,Brachypodium sylvaticum,Poaceae
Brachypodium sylvaticum (Huds.) Beauv. ,Brachypodium sylvaticum,Poaceae
Brachyscome barkerae,Brachyscome barkerae,Compositae
Brachyscome obovata,Brachyscome obovata,Compositae
Brachyscome rigidula,Brachyscome rigidula,Compositae
Brachyscome spathulata,Brachyscome spathulata,Compositae
Brachyscome staceae,Brachyscome staceae,Compositae
Brachyscome stolonifera,Brachyscome stolonifera,Compositae
Brassica juncea,Brassica juncea,Brassicaceae
Braya humilis,Braya humilis,Brassicaceae
Braya rosea,Braya rosea,Brassicaceae
Briza media,Briza media,Poaceae
Bromus japonicus,Bromus japonicus,Poaceae
Bromus japonicus Thunb. ex Murr.,Bromus japonicus,Poaceae
Bromus magnus,Bromus magnus,Poaceae
Bromus magnus Keng,Bromus magnus,Poaceae
Bromus plurinodis,Bromus plurinodis,Poaceae
Bromus sinensis,Bromus sinensis,Poaceae
Bromus tectorum,Bromus tectorum,Poaceae
Bromus tectorum L. ,Bromus tectorum,Poaceae
Bruckenthalia spiculifolia,Erica spiculifolia,Ericaceae
Bupleurum bicaule,Bupleurum bicaule,Apiaceae
Bupleurum boissieuanum,Bupleurum boissieuanum,Apiaceae
Bupleurum boissieuanum H.Wolff,Bupleurum boissieuanum,Apiaceae
Bupleurum chinense,Bupleurum chinense,Apiaceae
Bupleurum commelynoideum,Bupleurum commelynoideum,Apiaceae
Bupleurum commelynoideum H. de Boiss.,Bupleurum commelynoideum,Apiaceae
Bupleurum smithii,Bupleurum smithii,Apiaceae
Bupleurum smithii H.Wolff,Bupleurum smithii,Apiaceae
Bupleurum yinchowense,Bupleurum yinchowense,Apiaceae
Calamagrostis arundinacea,Calamagrostis arundinacea,Poaceae
Calamagrostis pseudophragmites,Calamagrostis pseudophragmites,Poaceae
Calamagrostis pseudophragmites (Hall. F.) Koel.,Calamagrostis pseudophragmites,Poaceae
Calandrinia caespitosa,Calandrinia caespitosa,Portulacaceae
Calandrinia sericea,Calandrinia sericea,Portulacaceae
Calceolaria biflora,Calceolaria biflora,Calceolariaceae
Calceolaria filicaulis,Calceolaria filicaulis,Calceolariaceae
Calceolaria purpurea,Calceolaria purpurea,Calceolariaceae
Callitviche palustris,Callitriche palustris,Plantaginaceae
Calluna vulgaris,Calluna vulgaris,Ericaceae
Caltha palustris,Caltha palustris,Ranunculaceae
Caltha palustris L.,Caltha palustris,Ranunculaceae
Caltha scaposa,Caltha scaposa,Ranunculaceae
Caltha scaposa Hook.,Caltha scaposa,Ranunculaceae
Campanula alpina,Campanula alpina,Campanulaceae
Campanula aristata,Campanula aristata,Campanulaceae
Campanula barbata,Campanula barbata,Campanulaceae
Campanula cenisia,Campanula cenisia,Campanulaceae
Campanula cochleariifolia,Campanula cochleariifolia,Campanulaceae
Campanula collina,Campanula collina,Campanulaceae
Campanula glomerata,Campanula glomerata,Campanulaceae
Campanula macrorhiza,Campanula macrorhiza,Campanulaceae
Campanula patula,Campanula patula,Campanulaceae
Campanula persicifolia,Campanula persicifolia,Campanulaceae
Campanula raineri,Campanula raineri,Campanulaceae
Campanula rotundifolia,Campanula rotundifolia,Campanulaceae
Campanula scheuchzeri,Campanula scheuchzeri,Campanulaceae
Campanula serrata,Campanula serrata,Campanulaceae
Campanula spicata,Campanula spicata,Campanulaceae
Campanula thyrsoides,Campanula thyrsoides,Campanulaceae
Capsella bursa-pastoris,Capsella bursa-pastoris,Brassicaceae
Capsella bursa-pastoris (L.) Medic.,Capsella bursa-pastoris,Brassicaceae
Caragana brevifolia,Caragana brevifolia,Leguminosae
Caragana erinacea,Caragana erinacea,Leguminosae
Caragana jubata,Caragana jubata,Leguminosae
Cardamine cordata,Cardamine cordata,Brassicaceae
Cardamine hirsuta,Cardamine hirsuta,Brassicaceae
Cardamine impartiens L. var. dasycarpa (M.Bieb.) T.Y.Cheo et R.C.Fang,Cardamine impatiens,Brassicaceae
Cardamine impatiens,Cardamine impatiens,Brassicaceae
Cardamine robusta,Cardamine robusta,Brassicaceae
Cardamine tangutorum,Cardamine tangutorum,Brassicaceae
Carduus argemone,Carduus defloratus,Compositae
Carduus carduelis,Carduus carduelis,Compositae
Carduus crispus,Carduus crispus,Compositae
Carduus defloratus,Carduus defloratus,Compositae
Carduus nutans,Carduus nutans,Compositae
Carex aphylla,Carex aphylla,Cyperaceae
Carex asturica,Carex asturica,Cyperaceae
Carex atrata,Carex atrata,Cyperaceae
Carex banksii,Carex banksii,Cyperaceae
Carex bicolor,Carex bicolor,Cyperaceae
Carex blakei,Carex blakei,Cyperaceae
Carex brownii,Carex brownii,Cyperaceae
Carex brunnea,Carex brunnea,Cyperaceae
Carex capillacea,Carex capillacea,Cyperaceae
Carex capillaris,Carex capillaris,Cyperaceae
Carex caryophyllea,Carex caryophyllea,Cyperaceae
Carex cephalotes,Carex cephalotes,Cyperaceae
Carex chlorostachys,Carex chlorostachys,Cyperaceae
Carex chlorostachys Stev.,Carex chlorostachys,Cyperaceae
Carex coriophora,Carex coriophora,Cyperaceae
Carex coriophora Fisch.,Carex coriophora,Cyperaceae
Carex crebra,Carex crebra,Cyperaceae
Carex curvula,Carex curvula,Cyperaceae
Carex echinata,Carex echinata,Cyperaceae
Carex enervis,Carex enervis,Cyperaceae
Carex enervis C.A.Mey.,Carex enervis,Cyperaceae
Carex firma,Carex firma,Cyperaceae
Carex foetida,Carex foetida,Cyperaceae
Carex gaudichaudiana,Carex gaudichaudiana,Cyperaceae
Carex hebes,Carex hebes,Cyperaceae
Carex hypandra,Carex hypandra,Cyperaceae
Carex iynx,Carex iynx,Cyperaceae
Carex kansuensis,Carex kansuensis,Cyperaceae
Carex kansuensis Irelmes,Carex kansuensis,Cyperaceae
Carex lehmanii Drejer,Carex lehmannii,Cyperaceae
Carex lehmannii,Carex lehmannii,Cyperaceae
Carex leporina,Carex leporina,Cyperaceae
Carex nigra,Carex nigra,Cyperaceae
Carex nubigena,Carex nubigena,Cyperaceae
Carex ornithopoda,Carex ornithopoda,Cyperaceae
Carex przewalskii,Carex przewalskii,Cyperaceae
Carex scabrirostris,Carex scabrirostris,Cyperaceae
Carex scabrirostris Kukenth.,Carex scabrirostris,Cyperaceae
Carex sempervirens,Carex sempervirens,Cyperaceae
Carex stipitinux,Carex stipitinux,Cyperaceae
Carlesia sinensis,Carlesia sinensis,Apiaceae
Carlina acaulis,Carlina acaulis,Compositae
Carpesium cernuum,Carpesium cernuum,Compositae
Carpesium lipskyi,Carpesium lipskyi,Compositae
Carpesium lipskyi Winkl.,Carpesium lipskyi,Compositae
Carpesium minus,Carpesium minus,Compositae
Carpesium triste,Carpesium triste,Compositae
Carpha nivicola,Carpha nivicola,Cyperaceae
Carum buriaticum,Carum buriaticum,Apiaceae
Carum buriaticum Turcz.f.,Carum buriaticum,Apiaceae
Carum carvi,Carum carvi,Apiaceae
Caryopteris mongholica,Caryopteris mongholica,Lamiaceae
Catolobus pendulus,Catolobus pendulus,Brassicaceae
Celmisia costiniana,Celmisia costiniana,Compositae
Celmisia pugioniformis,Celmisia pugioniformis,Compositae
Centaurea nervosa,Centaurea nervosa,Compositae
Centaurea scabiosa,Centaurea scabiosa,Compositae
Cephalanoplos sagetum,Cirsium arvense,Compositae 
Cephalanoplos segetum,Cirsium arvense,Compositae
Cerastium alpinum,Cerastium alpinum,Caryophyllaceae
Cerastium arvense,Cerastium arvense,Caryophyllaceae
Cerastium cerastoides,Cerastium cerastoides,Caryophyllaceae
Cerastium fontanum,Cerastium fontanum,Caryophyllaceae
Cerastium fontanum Baumg. subsp. triviale (Link) Jalas,Cerastium fontanum,Caryophyllaceae
Cerastium latifolium,Cerastium latifolium,Caryophyllaceae
Cerastium pedunculatum,Cerastium pedunculatum,Caryophyllaceae
Cerastium pusillum,Cerastium pusillum,Caryophyllaceae
Cerastium uniflorum,Cerastium uniflorum,Caryophyllaceae
Ceratoides arborescens (Losina-Losinskaja) Czerepanov,Krascheninnikovia ceratoides,Amaranthaceae
Chaetanthera euphrasioides,Chaetanthera euphrasioides,Compositae
Chaetanthera microphylla,Chaetanthera microphylla,Compositae
Chaetoseris roborowskii,Chaetoseris roborowskii,Compositae
Chamaesium paradoxum,Chamaesium paradoxum,Apiaceae
Chamaesium thalictrifolium,Chamaesium thalictrifolium,Apiaceae
Chamaesium thalictrifolium Wolff,Chamaesium thalictrifolium,Apiaceae
Chelidonium majus,Chelidonium majus,Papaveraceae
Chelidonium majus L.,Chelidonium majus,Papaveraceae
Chenopodium acuminatum,Chenopodium acuminatum,Amaranthaceae
Chenopodium album,Chenopodium album,Amaranthaceae
Chenopodium album L.,Chenopodium album,Amaranthaceae
Chenopodium aristatum L.,Dysphania aristata,Amaranthaceae
Chenopodium foetidum Schrad.,Dysphania schraderiana,Amaranthaceae
Chenopodium glaucum,Chenopodium glaucum,Amaranthaceae
Chenopodium glaucum L.,Chenopodium glaucum,Amaranthaceae
Chenopodium hybridum,Chenopodium hybridum,Amaranthaceae
Chenopodium iljinii,Chenopodium iljinii,Amaranthaceae
Chenopodium karoi,Chenopodium karoi,Amaranthaceae
Chenopodium prostratum Bunge,Chenopodium karoi,Amaranthaceae
Chenopodium vulvaria,Chenopodium vulvaria,Amaranthaceae
Chionogentias muelleriana ssp. alpestris,Gentianella muelleriana,Gentianaceae
Chionogentias muelleriana ssp. muelleriana,Gentianella muelleriana,Gentianaceae
Chorispora tenella,Chorispora tenella,Brassicaceae
Chrysosplenium uniflorum,Chrysosplenium uniflorum,Saxifragaceae
Cificifuga foetida,Actaea cimicifuga,Ranunculaceae
Cimicifuga foetida L.,Actaea cimicifuga,Ranunculaceae
Circaeaster agrestis,Circaeaster agrestis,Circaeasteraceae
Circaeaster agrestis Maxim.,Circaeaster agrestis,Circaeasteraceae
Cirsium arvense,Cirsium arvense,Compositae
Cirsium japonicum,Cirsium japonicum,Compositae
Cirsium lanatum,Cirsium lanatum,Compositae
Cirsium leo,Cirsium leo,Compositae
Cirsium leo Nakai et Kitag.,Cirsium leo,Compositae
Cirsium shansiense,Cirsium shansiense,Compositae
Cirsium souliei,Cirsium souliei,Compositae
Cirsium spinosissimum,Cirsium spinosissimum,Compositae
Clematis apiifolia,Clematis apiifolia,Ranunculaceae
Clematis brevicaudata,Clematis brevicaudata,Ranunculaceae
Clematis brevicaudata DC.,Clematis brevicaudata,Ranunculaceae
Clematis clarkeana,Clematis clarkeana,Ranunculaceae
Clematis glauca,Clematis glauca,Ranunculaceae
Clematis nannophylla,Clematis nannophylla,Ranunculaceae
Clematis tangutica,Clematis tangutica,Ranunculaceae
Clematis tangutica (Maxim.) Korsh.,Clematis tangutica,Ranunculaceae
Clinopodium chinense,Clinopodium chinense,Lamiaceae
Cnidium monnieri,Cnidium monnieri,Apiaceae
Cnidium monnieri (L.) Cuss.,Cnidium monnieri,Apiaceae
Codonopsis canescens,Codonopsis canescens,Campanulaceae
Codonopsis canescens Nannf.,Codonopsis canescens,Campanulaceae
Codonopsis foetens,Codonopsis foetens,Campanulaceae
Codonopsis pilosula,Codonopsis pilosula,Campanulaceae
Codonopsis pilosula (Franch.) Nannf.,Codonopsis pilosula,Campanulaceae
Codonopsis viridiflora,Codonopsis viridiflora,Campanulaceae
Colobanthus affinis,Colobanthus affinis,Caryophyllaceae
Coluria longifolia,Coluria longifolia,Rosaceae
Coluria longifolia Maxim.,Coluria longifolia,Rosaceae
Comastoma falcatum,Comastoma falcatum,Gentianaceae
Comastoma pedunculatum,Comastoma pedunculatum,Gentianaceae
Comastoma pedunculatum (Royle ex D.Don) Holub,Comastoma pedunculatum,Gentianaceae
Comastoma pulmonarium,Comastoma pulmonarium,Gentianaceae
Comastoma pulmonarium (Turcz.) Toyokuni,Comastoma pulmonarium,Gentianaceae
Comastoma tenellum,Comastoma tenellum,Gentianaceae
Convolvulus arvensis,Convolvulus arvensis,Convolvulaceae
Corispermum stauntonii,Corispermum stauntonii,Amaranthaceae
Corispermum tibeticum,Corispermum tibeticum,Amaranthaceae
Corispermum tibeticum Iljin,Corispermum tibeticum,Amaranthaceae
Coronidium gunnianum,Coronidium gunnianum,Compositae
Coronidium waddelliae,Coronidium waddelliae,Compositae
Cortaderia pilosa,Cortaderia pilosa,Poaceae
Corydalis adunca,Corydalis adunca,Papaveraceae
Corydalis adunca Maxim.,Corydalis adunca,Papaveraceae
Corydalis edulis,Corydalis edulis,Papaveraceae
Corydalis melanochlora,Corydalis melanochlora,Papaveraceae
Corydalis ophiocarpa,Corydalis ophiocarpa,Papaveraceae
Corydalis pseudimpatiens,Corydalis pseudimpatiens,Papaveraceae
Corydalis pseudoimpatiens Feddle,Corydalis pseudimpatiens,Papaveraceae
Cotoneaster foveolatus,Cotoneaster foveolatus,Rosaceae
Craspedia alba,Craspedia alba,Compositae
Craspedia costiniana,Craspedia costiniana,Compositae
Craspedia jamesii,Craspedia jamesii,Compositae
Craspedia lamicola,Craspedia lamicola,Compositae
Craspedia leucantha,Craspedia leucantha,Compositae
Cremanthodium brunneopilosum,Cremanthodium brunneopilosum,Compositae
Cremanthodium discoideum,Cremanthodium discoideum,Compositae
Cremanthodium discoideum Maxim.,Cremanthodium discoideum,Compositae
Cremanthodium lineare,Cremanthodium lineare,Compositae
Crepidiastrum denticulatum,Crepidiastrum denticulatum,Compositae
Crepis albida,Crepis albida,Compositae
Cryptothladia parviflora,Cryptothladia parviflora,Caprifoliaceae
Cucubalus baccifer L.,Silene baccifera,Caryophyllaceae
Curscuta euvopaea,Cuscuta europaea,Convolvulaceae
Curscuta japonica,Cuscuta japonica,Convolvulaceae
Cuscuta chinensis,Cuscuta chinensis,Convolvulaceae
Cuscuta europaea,Cuscuta europaea,Convolvulaceae
Cuscuta europaea L.,Cuscuta europaea,Convolvulaceae
Cuscuta japonica,Cuscuta japonica,Convolvulaceae
Cuscuta japonica Choisy,Cuscuta japonica,Convolvulaceae
Cyananthus hookeri,Cyananthus hookeri,Campanulaceae
Cyananthus hookeri C.B.Clarke,Cyananthus hookeri,Campanulaceae
Cynanchum inamoenum,Cynanchum inamoenum,Apocynaceae
Cynanchum inamoenum (Maxim.) Loes.,Cynanchum inamoenum,Apocynaceae
Cynanchum mucronatum,Ditassa albonerva,Apocynaceae
Cynodon dactylon,Cynodon dactylon,Poaceae
Cynodon dactylon (L.) Pers.,Cynodon dactylon,Poaceae
Cynoglossum amabile,Cynoglossum amabile,Boraginaceae
Cynoglossum amabile Stapf et Drumm.,Cynoglossum amabile,Boraginaceae
Cynoglossum lanceolatum,Cynoglossum lanceolatum,Boraginaceae
Dactylis glomerata,Dactylis glomerata,Poaceae
Datura stramonium,Datura stramonium,Solanaceae
Daucus carota,Daucus carota,Apiaceae
Delphinium albocoeruleum,Delphinium albocoeruleum,Ranunculaceae
Delphinium albocoeruleum Maxim.,Delphinium albocoeruleum,Ranunculaceae
Delphinium campylocentrum,Delphinium campylocentrum,Ranunculaceae
Delphinium kamaonense,Delphinium kamaonense,Ranunculaceae
Delphinium kamaonense Hunth var. glabrescens (W.T.Wang) W.T.Wang,Delphinium kamaonense,Ranunculaceae
Delphinium pylzowii,Delphinium pylzowii,Ranunculaceae
Delphinium pylzowii Maxim. var. trigynum W.T. Wang,Delphinium pylzowii,Ranunculaceae
Delphinium siwanense,Delphinium siwanense,Ranunculaceae
Delphinium siwanense Franch. var. leptopogon (Hand.-Mazz.) W.T.Wang,Delphinium siwanense,Ranunculaceae
Delphinium souliei,Delphinium souliei,Ranunculaceae
Delphinium sparsiflorum,Delphinium sparsiflorum,Ranunculaceae
Dendranthema lavandulifolium,Dendranthema lavandulifolium,Compositae
Deschampsia caespitosa (L.) Beauv.,Deschampsia cespitosa,Poaceae
Deschampsia cespitosa,Deschampsia cespitosa,Poaceae
Deschampsia flexuosa,Deschampsia flexuosa,Poaceae
Descurainia sophia,Descurainia sophia,Brassicaceae
Descurainia sophia (L.) Webb ex Prantl,Descurainia sophia,Brassicaceae
Deyeuxia flavens,Deyeuxia flavens,Poaceae
Deyeuxia flavens Keng,Deyeuxia flavens,Poaceae
Dianthus carthusianorum,Dianthus carthusianorum,Caryophyllaceae
Dianthus deltoides,Dianthus deltoides,Caryophyllaceae
Dianthus glacialis,Dianthus glacialis,Caryophyllaceae
Dianthus superbus,Dianthus superbus,Caryophyllaceae
Dianthus superbus L.,Dianthus superbus,Caryophyllaceae
Dianthus sylvestris,Dianthus sylvestris,Caryophyllaceae
Dichosciadium ranunculaceum var. ranunculaceum,Dichosciadium ranunculaceum,Apiaceae
Dicranostigma lactucoides,Dicranostigma lactucoides,Papaveraceae
Dicranostigma lactucoides Hook. f. et Thoms.,Dicranostigma lactucoides,Papaveraceae
Dicranostigma leptopodum,Dicranostigma leptopodum,Papaveraceae
Dicranostigma leptopodum (Maxim.) Fedde,Dicranostigma leptopodum,Papaveraceae
Digitaria ciliaris,Digitaria ciliaris,Poaceae
Digitaria ciliaris (Retz.) Koel.,Digitaria ciliaris,Poaceae
Digitaria sanguinalis,Digitaria sanguinalis,Poaceae
Diplaspis nivis,Diplaspis nivis,Apiaceae
Diplolepis mucronata,Diplolepis mucronata,Apocynaceae
Dipsacus chinensis,Dipsacus chinensis,Caprifoliaceae
Dipsacus inermis,Dipsacus inermis,Caprifoliaceae
Dipsacus japonicus,Dipsacus japonicus,Caprifoliaceae
Dipsacus japonicus Miq.,Dipsacus japonicus,Caprifoliaceae
Dispsacus japonicus,Dipsacus japonicus,Caprifoliaceae
Ditassa albonerva,Ditassa albonerva,Apocynaceae
Dontostemon micranthus,Dontostemon micranthus,Brassicaceae
Doronicum stenoglossum,Doronicum stenoglossum,Compositae
Draba aizoides,Draba aizoides,Brassicaceae
Draba eriopoda,Draba eriopoda,Brassicaceae
Draba eriopoda Turcz.,Draba eriopoda,Brassicaceae
Draba gilliesii,Draba gilliesii,Brassicaceae
Draba hoppeana,Draba hoppeana,Brassicaceae
Draba ladyginii,Draba ladyginii,Brassicaceae
Draba lanceolata,Draba lanceolata,Brassicaceae
Draba nemorosa,Draba nemorosa,Brassicaceae
Draba nemorosa L.,Draba nemorosa,Brassicaceae
Draba oreades,Draba oreades,Brassicaceae
Draba stylaris,Draba stylaris,Brassicaceae
Dracocephalum heterophyllum,Dracocephalum heterophyllum,Lamiaceae
Dracocephalum heterophyllum Benth,Dracocephalum heterophyllum,Lamiaceae
Dracocephalum tanguticum,Dracocephalum tanguticum,Lamiaceae
Dracocephalum tanguticum Maxim.,Dracocephalum tanguticum,Lamiaceae
Drimys andina,Drimys andina,Winteraceae
Drosera arcturi,Drosera arcturi,Droseraceae
Dryas octopetala,Dryas octopetala,Rosaceae
Duchesnea indica,Duchesnea indica,Rosaceae
Duchesnea indica (Andr.) Focke,Duchesnea indica,Rosaceae
Duthiea brachypodium,Duthiea brachypodium,Poaceae
Dysphania aristata,Dysphania aristata,Amaranthaceae
Dysphania schraderiana,Dysphania schraderiana,Amaranthaceae
Echinochloa colona,Echinochloa colona,Poaceae
Echinochloa crusgalli,Echinochloa crus-galli,Poaceae
Echinochloa crus-galli,Echinochloa crus-galli,Poaceae
Elsholtzia densa,Elsholtzia densa,Lamiaceae
Elsholtzia densa Benth.,Elsholtzia densa,Lamiaceae
Elsholtzia densa Benth. var. calycocarpa (Diels)C.Y.Wu et S.C.Huang,Elsholtzia densa,Lamiaceae
Elsholtzia feddeibenth,Elsholtzia feddei,Lamiaceae
Elsholtzia fruticosa,Elsholtzia fruticosa,Lamiaceae
Elsholtzia fruticosa (D. Don) Rehd.,Elsholtzia fruticosa,Lamiaceae
Elsholtzia serotina,Elsholtzia serotina,Lamiaceae
Elymus angulatus,Elymus angulatus,Poaceae
Elymus antiquus,Elymus antiquus,Poaceae
Elymus atratus,Elymus atratus,Poaceae
Elymus barystachyus,Elymus barystachyus,Poaceae
Elymus barystachyus A.Love.,Elymus barystachyus,Poaceae
Elymus burchan-buddae,Elymus burchan-buddae,Poaceae
Elymus cylindricus (Franch.) Honda,Elymus dahuricus,Poaceae
Elymus dahuricus,Elymus dahuricus,Poaceae
Elymus dahuricus Turcz. ex Griseb.,Elymus dahuricus,Poaceae
Elymus durus,Elymus durus,Poaceae
Elymus excelsus Turez.,Elymus dahuricus,Poaceae
Elymus kokonoricus,Elymus kokonoricus,Poaceae
Elymus nutans,Elymus nutans,Poaceae
Elymus pendulinus,Elymus pendulinus,Poaceae
Elymus sibiricus,Elymus sibiricus,Poaceae
Elymus strictus,Elymus strictus,Poaceae
Elymus tangutorum,Elymus tangutorum,Poaceae
Elymus tangutorum (Neuski) Hand.-Mazz.,Elymus tangutorum,Poaceae
Elymus varius,Elymus varius,Poaceae
Embothrium coccineum,Embothrium coccineum,Proteaceae
Empetrum nigrum,Empetrum nigrum,Ericaceae
Epacris celata,Epacris celata,Ericaceae
Epacris glacialis,Epacris glacialis,Ericaceae
Epacris glacials,Epacris glacialis,Ericaceae
Epacris microphylla,Epacris microphylla,Ericaceae
Epacris paludosa,Epacris paludosa,Ericaceae
Epacris petrophila,Epacris petrophila,Ericaceae
Epacris petrophilla,Epacris petrophila,Ericaceae
Epacris purpurascens ,Epacris purpurascens,Ericaceae
Epilobium alpestre,Epilobium alpestre,Onagraceae
Epilobium angustifolium,Epilobium angustifolium,Onagraceae
Epilobium angustifolium (L.) Scop. ,Epilobium angustifolium,Onagraceae
Epilobium billardieranum ssp. Hydrophylum,Epilobium billardierianum,Onagraceae 
Epilobium gunnianum,Epilobium gunnianum,Onagraceae
Epilobium hirsutum,Epilobium hirsutum,Onagraceae
Epilobium palustre,Epilobium palustre,Onagraceae
Epilobium palustre L.,Epilobium palustre,Onagraceae
Eragrostis cilianensis,Eragrostis cilianensis,Poaceae
Eragrostis nigra,Eragrostis nigra,Poaceae
Eragrostis nigra Nees ex Steud.,Eragrostis nigra,Poaceae
Eremogone przewalskii,Eremogone przewalskii,Caryophyllaceae
Erica spiculifolia,Erica spiculifolia,Ericaceae
Erigeron acer,Erigeron acer,Compositae
Erigeron acer L.,Erigeron acer,Compositae
Erigeron bellidioides,Erigeron bellidioides,Compositae
Erigeron canadensis,Erigeron canadensis,Compositae
Erigeron cinereus,Erigeron cinereus,Compositae
Erigeron glabratus,Erigeron pulchellus,Compositae
Erigeron nitidus,Erigeron nitidus,Compositae
Erigeron paludicola,Erigeron paludicola,Compositae
Erigeron pulchellus,Erigeron pulchellus,Compositae
Erigeron setosus,Erigeron setosus,Compositae
Eriophorum angustifolium,Eriophorum angustifolium,Cyperaceae
Eriophorum scheuchzeri,Eriophorum scheuchzeri,Cyperaceae
Eriophorum vaginatum,Eriophorum vaginatum,Cyperaceae
Erodium stephanianum,Erodium stephanianum,Geraniaceae
Eruca sativa Mill.,Eruca vesicaria,Brassicaceae
Eruca vesicaria,Eruca vesicaria,Brassicaceae
Escallonia alpina,Escallonia alpina,Escalloniaceae
Euchiton involucratus,Euchiton involucratus,Compositae
Euphorbia esula,Euphorbia esula,Euphorbiaceae
Euphorbia helioscopia,Euphorbia helioscopia,Euphorbiaceae
Euphorbia helioscopia L.,Euphorbia helioscopia,Euphorbiaceae
Euphorbia humifusa,Euphorbia humifusa,Euphorbiaceae
Euphorbia tibetica,Euphorbia tibetica,Euphorbiaceae
Euphrasia   collina ssp. diversicolor,Euphrasia collina,Orobanchaceae
Euphrasia alpina,Bartsia alpina,Orobanchaceae
Euphrasia collina ssp. diversicolor,Euphrasia collina,Orobanchaceae
Euphrasia collina ssp. glacialis,Euphrasia collina,Orobanchaceae
Euphrasia pectinata,Euphrasia pectinata,Orobanchaceae
Euphrasia regelii,Euphrasia regelii,Orobanchaceae
Euphrasia regelii Wettst.,Euphrasia regelii,Orobanchaceae
Euphrasia rostkoviana,Euphrasia rostkoviana,Orobanchaceae
Fagonum tataricum,Fagopyrum tataricum,Polygonaceae
Fagonum wrophyllum,Fagopyrum urophyllum,Polygonaceae
Fagopyrum esculentum,Fagopyrum esculentum,Polygonaceae
Fallopia aubertii,Fallopia aubertii,Polygonaceae
Fallopia aubertii (L. Henry) Holub,Fallopia aubertii,Polygonaceae
Fallopia convolvula (L.) A. Love,Fallopia convolvulus,Polygonaceae
Fallopia convolvulus,Fallopia convolvulus,Polygonaceae
Festuca alpina,Festuca alpina,Poaceae
Festuca eskia,Festuca eskia,Poaceae
Festuca halleri,Festuca halleri,Poaceae
Festuca indigesta,Festuca indigesta,Poaceae
Festuca luedii,Festuca scabriculmis,Poaceae
Festuca melanopsis,Festuca violacea,Poaceae
Festuca nigrescens,Festuca nigrescens,Poaceae
Festuca nigricans,Festuca violacea,Poaceae
Festuca nitidula,Festuca nitidula,Poaceae
Festuca nitidula Stapf,Festuca nitidula,Poaceae
Festuca norica,Festuca norica,Poaceae
Festuca ovina,Festuca ovina,Poaceae
Festuca ovina L.,Festuca ovina,Poaceae
Festuca paniculata,Festuca paniculata,Poaceae
Festuca parvigluma,Festuca parvigluma,Poaceae
Festuca pumila,Festuca quadriflora,Poaceae
Festuca quadriflora,Festuca quadriflora,Poaceae
Festuca rubra,Festuca rubra,Poaceae
Festuca rubra L.,Festuca rubra,Poaceae
Festuca scabriculmis,Festuca scabriculmis,Poaceae
Festuca sinensis,Festuca sinensis,Poaceae
Festuca sinensis Keng ex S.L.Lu,Festuca sinensis,Poaceae
Festuca spectabilis,Festuca spectabilis,Poaceae
Festuca varia,Festuca varia,Poaceae
Festuca violacea,Festuca violacea,Poaceae
Fragaria orientalis,Fragaria orientalis,Rosaceae
Fragaria orientalis Lozinsk.,Fragaria orientalis,Rosaceae
Fritillaria legionensis,Fritillaria legionensis,Liliaceae
Fritillaria unibracteata,Fritillaria unibracteata,Liliaceae
Fritillaria unibracteata Hsiao et K. C. Hsia,Fritillaria unibracteata,Liliaceae
Galeopsis bifida,Galeopsis bifida,Lamiaceae
Galeopsis bifida Boenn.,Galeopsis bifida,Lamiaceae
Galium aparine L. var. echinospermum (Wallr.) Cuf.,Galium spurium,Rubiaceae
Galium boreale,Galium boreale,Rubiaceae
Galium centroniae,Galium centroniae,Rubiaceae
Galium montis-arerae,Galium montis-arerae,Rubiaceae
Galium obliquum,Galium obliquum,Rubiaceae
Galium spurium,Galium spurium,Rubiaceae
Galium verum,Galium verum,Rubiaceae
Galium verum L.,Galium verum,Rubiaceae
Gaultheria poeppigii,Gaultheria poeppigii,Ericaceae
Gaultheria pumila,Gaultheria pumila,Ericaceae
Gentiana abaensis T. N. Ho,Gentiana spathulifolia,Gentianaceae
Gentiana acaulis,Gentiana acaulis,Gentianaceae
Gentiana algida,Gentiana algida,Gentianaceae
Gentiana aquatica,Gentiana aquatica,Gentianaceae
Gentiana aristata,Gentiana aristata,Gentianaceae
Gentiana brachyphylla,Gentiana brachyphylla,Gentianaceae
Gentiana choanantha,Gentiana choanantha,Gentianaceae
Gentiana choanantha Marq.,Gentiana choanantha,Gentianaceae
Gentiana clusii,Gentiana clusii,Gentianaceae
Gentiana crassuloides,Gentiana crassuloides,Gentianaceae
Gentiana crassuloides Bureau et Franch.,Gentiana crassuloides,Gentianaceae
Gentiana dahurica,Gentiana dahurica,Gentianaceae
Gentiana decumbens,Gentiana decumbens,Gentianaceae
Gentiana futtereri,Gentiana futtereri,Gentianaceae
Gentiana leucomelaena,Gentiana leucomelaena,Gentianaceae
Gentiana leucomelaena Maxim.,Gentiana leucomelaena,Gentianaceae
Gentiana lutea,Gentiana lutea,Gentianaceae
Gentiana macrophylla,Gentiana macrophylla,Gentianaceae
Gentiana nivalis,Gentiana nivalis,Gentianaceae
Gentiana nubigena,Gentiana nubigena,Gentianaceae
Gentiana offcinolis,Gentiana officinalis,Gentianaceae
Gentiana prostrata,Gentiana prostrata,Gentianaceae
Gentiana pseudo-aquatica Kusnez.,Gentiana aquatica,Gentianaceae
Gentiana punctata,Gentiana punctata,Gentianaceae
Gentiana sino-ornata,Gentiana sino-ornata,Gentianaceae
Gentiana siphonantha,Gentiana siphonantha,Gentianaceae
Gentiana spathulifolia,Gentiana spathulifolia,Gentianaceae
Gentiana spathulifolia Maxim. ex Kusnez.,Gentiana spathulifolia,Gentianaceae
Gentiana squarrosa,Gentiana squarrosa,Gentianaceae
Gentiana squarrosa Ledeb.,Gentiana squarrosa,Gentianaceae
Gentiana stipitata,Gentiana stipitata,Gentianaceae
Gentiana stipitata Edgew.,Gentiana stipitata,Gentianaceae
Gentiana straminea,Gentiana straminea,Gentianaceae
Gentiana straminea Maxim.,Gentiana straminea,Gentianaceae
Gentiana striata,Gentiana striata,Gentianaceae
Gentiana striata Maxim.,Gentiana striata,Gentianaceae
Gentiana szechenyii,Gentiana szechenyii,Gentianaceae
Gentiana tenella,Comastoma tenellum,Gentianaceae
Gentiana verna,Gentiana verna,Gentianaceae
Gentianella anisodonta,Gentianella anisodonta,Gentianaceae
Gentianella campestris,Gentianella campestris,Gentianaceae
Gentianella germanica,Gentianella germanica,Gentianaceae
Gentianopsis barbata,Gentianopsis barbata,Gentianaceae
Gentianopsis contorta,Gentianopsis contorta,Gentianaceae
Gentianopsis contorta (Royle) Maxim.,Gentianopsis contorta,Gentianaceae
Gentianopsis paludosa,Gentianopsis paludosa,Gentianaceae
Gentianopsis paludosa (Hook. f.) Ma,Gentianopsis paludosa,Gentianaceae
Gentianopsis paludosa var. Ovatodeltoidea (Burk.) Ma ex T.N.Ho ,Gentianopsis paludosa,Gentianaceae
Geranium pratense,Geranium pratense,Geraniaceae
Geranium pylzowianum,Geranium pylzowianum,Geraniaceae
Geranium sibiricum,Geranium sibiricum,Geraniaceae
Geranium wilfordii,Geranium wilfordii,Geraniaceae
Geum aleppicum,Geum aleppicum,Rosaceae
Geum aleppicum Jacq.,Geum aleppicum,Rosaceae
Geum montanum,Geum montanum,Rosaceae
Geum urbanum,Geum urbanum,Rosaceae
Gingidia algens,Gingidia algens,Apiaceae
Gingidia harveyana,Gingidia harveyana,Apiaceae
Globularia cordifolia,Globularia cordifolia,Plantaginaceae
Gnaphalium supinum,Gnaphalium supinum,Compositae
Gueldenstaedtia multiflora,Gueldenstaedtia multiflora,Leguminosae
Gypsophila licentiana,Gypsophila licentiana,Caryophyllaceae
Halenia corniculata,Halenia corniculata,Gentianaceae
Halenia elliptica,Halenia elliptica,Gentianaceae
Halenia elliptica D.Don,Halenia elliptica,Gentianaceae
Hedysarum caucasicum,Hedysarum caucasicum,Leguminosae
Hedysarum multijugum,Hedysarum multijugum,Leguminosae
Hedysarum multijugum Maxim.,Hedysarum multijugum,Leguminosae
Hedysarum polybotrys,Hedysarum polybotrys,Leguminosae
Hedysarum polybotrys Hand.-Mazz.,Hedysarum polybotrys,Leguminosae
Hedysarum sikkimense,Hedysarum sikkimense,Leguminosae
Hedysarum tanguticum,Hedysarum tanguticum,Leguminosae
Hedysarum tanguticum B.Fedtsch.,Hedysarum tanguticum,Leguminosae
Helianthemum nummularium,Helianthemum nummularium,Cistaceae
Helianthemum oelandicum,Helianthemum oelandicum,Cistaceae
Helictochloa versicolor,Helictochloa versicolor,Poaceae
Helictotrichon altius,Helictotrichon altius,Poaceae
Helictotrichon pratense,Helictotrichon pratense,Poaceae
Helictotrichon tibeticum,Helictotrichon tibeticum,Poaceae
Helictotrichon tibeticum (Rasheu.) Holub,Helictotrichon tibeticum,Poaceae
Helictotrichon versicolor,Helictotrichon versicolor,Poaceae
Heracleum millefolium,Heracleum millefolium,Apiaceae
Heracleum millefolium Diels,Heracleum millefolium,Apiaceae
Heracleum moellendorffii,Heracleum moellendorffii,Apiaceae
Heracleum moellendorffii Hance,Heracleum moellendorffii,Apiaceae
Heracleum souliei,Heracleum souliei,Apiaceae
Heracleum sphondylium,Heracleum sphondylium,Apiaceae
Heracleum yungningense,Heracleum yungningense,Apiaceae
Heradeum miuefolium,Heracleum millefolium,Apiaceae
Heteropappus altaicus,Heteropappus altaicus,Compositae
Heteropappus altaicus (Willd.) Novopokr.,Heteropappus altaicus,Compositae
Heteropappus crenatifolius,Heteropappus crenatifolius,Compositae
Heteropappus crenatifolius (Hand.-Mazz.) Griers.,Heteropappus crenatifolius,Compositae
Heteropappus gouldii,Heteropappus gouldii,Compositae
Heteropappus gouldii (C. E. C. Fisch.) Griers.,Heteropappus gouldii,Compositae
Hieracium villosum,Hieracium villosum,Compositae
Hierochloe laxa,Hierochloe laxa,Poaceae
Hierochloe laxa R. Br. ex Hook. f.,Hierochloe laxa,Poaceae
Hippocrepis comosa,Hippocrepis comosa,Leguminosae
Hippuris vulgaris,Hippuris vulgaris,Plantaginaceae
Hippuris vulgaris L.,Hippuris vulgaris,Plantaginaceae
Homogyne alpina,Homogyne alpina,Compositae
Hordelymus europaeus,Hordelymus europaeus,Poaceae
Horminum pyrenaicum,Horminum pyrenaicum,Lamiaceae
Hornungia pauciflora,Hornungia pauciflora,Brassicaceae
Hummlus lapulus,Humulus lupulus,Cannabaceae
Hylotelephium angustum,Hylotelephium angustum,Crassulaceae
Hylotelephium angustum (Maxim.) H. Ohba ,Hylotelephium angustum,Crassulaceae
Hyoscyamus niger,Hyoscyamus niger,Solanaceae
Hyoscyamus niger L.,Hyoscyamus niger,Solanaceae
Hypericum ascyron,Hypericum ascyron,Hypericaceae
Hypericum ascyron L.,Hypericum ascyron,Hypericaceae
Hypericum attenuatum,Hypericum attenuatum,Hypericaceae
Hypericum japonicum,Hypericum japonicum,Hypericaceae
Hypericum maculatum,Hypericum maculatum,Hypericaceae
Hypericum przewalskii,Hypericum przewalskii,Hypericaceae
Hypericum przewalskii Maxim.,Hypericum przewalskii,Hypericaceae
Hypericum richeeri,Hypericum richeri,Hypericaceae
Hypericum richeri,Hypericum richeri,Hypericaceae
Hypochaeris maculata,Hypochaeris maculata,Compositae
Hypochaeris tenuifolia,Hypochaeris tenuifolia,Compositae
Impatiens noli-tangere,Impatiens noli-tangere,Balsaminaceae
Impatiens noli-tangere L.,Impatiens noli-tangere,Balsaminaceae
Incarvillea compacta,Incarvillea compacta,Bignoniaceae
Incarvillea compacta Maxim.,Incarvillea compacta,Bignoniaceae
Incarvillea diffusa,Incarvillea diffusa,Bignoniaceae
Incarvillea sinensis,Incarvillea sinensis,Bignoniaceae
Incarvillea sinensis Lam.,Incarvillea sinensis,Bignoniaceae
Incarvillea sinensis Lam. var. przewalskii (Batalin) C.Y.Wu et W.C.Yi,Incarvillea sinensis,Bignoniaceae
Indigofera silvestrii,Indigofera silvestrii,Leguminosae
Indigofera silvestrii Pamp.,Indigofera silvestrii,Leguminosae
Inula japonica,Inula japonica,Compositae
Iris lactea,Iris lactea,Iridaceae
Iris lactea Pall.,Iris lactea,Iridaceae
Iris oxypetala,Iris oxypetala,Iridaceae
Iris tenuifolia,Iris tenuifolia,Iridaceae
Isodon henryi,Isodon henryi,Lamiaceae
Isodon japonicus,Isodon japonicus,Lamiaceae
Isolepis crassiuscula,Isolepis crassiuscula,Cyperaceae
Isolepis setacea,Isolepis setacea,Cyperaceae
Jacobaea argunensis,Jacobaea argunensis,Compositae
Jacobaea incana,Jacobaea incana,Compositae
Jasione cavanillesii,Jasione cavanillesii,Campanulaceae
Jasione laevis,Jasione laevis,Campanulaceae
Juncus allioides,Juncus allioides,Juncaceae
Juncus allioides Franch.,Juncus allioides,Juncaceae
Juncus amplifolius,Juncus amplifolius,Juncaceae
Juncus bufonius,Juncus bufonius,Juncaceae
Juncus bufonius L.,Juncus bufonius,Juncaceae
Juncus effusus,Juncus effusus,Juncaceae
Juncus falcatus,Juncus falcatus,Juncaceae
Juncus giganteus,Juncus giganteus,Juncaceae
Juncus himalensis,Juncus himalensis,Juncaceae
Juncus himalensis Klotzsch,Juncus himalensis,Juncaceae
Juncus leucanthus,Juncus leucanthus,Juncaceae
Juncus monanthos,Juncus monanthos,Juncaceae
Juncus potaninii,Juncus potaninii,Juncaceae
Juncus potaninii Buchen.,Juncus potaninii,Juncaceae
Juncus prismatocarpus,Juncus prismatocarpus,Juncaceae
Juncus prismatocarpus R. Brown,Juncus prismatocarpus,Juncaceae
Juncus sphacelatus,Juncus sphacelatus,Juncaceae
Juncus thomsonii,Juncus thomsonii,Juncaceae
Juncus thomsonii Buchen.,Juncus thomsonii,Juncaceae
Juncus trifidus,Juncus trifidus,Juncaceae
Jurinea humilis,Jurinea humilis,Compositae
Kalimeris hispida,Kalimeris hispida,Compositae
Kalimeris mongolica,Kalimeris mongolica,Compositae
Kalimeris mongolica (Franch.) Kitam.,Kalimeris mongolica,Compositae
Kelleria dieffenbachii,Kelleria dieffenbachii,Thymelaeaceae
Kobresia capillifolia,Kobresia capillifolia,Cyperaceae
Kobresia humilis,Kobresia humilis,Cyperaceae
Kobresia kansuensis,Kobresia kansuensis,Cyperaceae
Kobresia kansuensis Kükenth.,Kobresia kansuensis,Cyperaceae
Kobresia macrantha,Kobresia macrantha,Cyperaceae
Kobresia myosuroides,Kobresia myosuroides,Cyperaceae
Kobresia myosuroides (Villas) Fiori,Kobresia myosuroides,Cyperaceae
Kobresia pygmaea,Kobresia pygmaea,Cyperaceae
Kobresia pygmaea C.B.Clarke,Kobresia pygmaea,Cyperaceae
Kobresia setschwanensis,Kobresia setschwanensis,Cyperaceae
Kobresia tibetica,Kobresia tibetica,Cyperaceae
Kobresia tibetica Maximowicz,Kobresia tibetica,Cyperaceae
Kochia scoparia (L.) Schrad.,Bassia scoparia,Amaranthaceae
Koeleria litvinowii,Koeleria litvinowii,Poaceae
Koeleria litvinowii Dom.,Koeleria litvinowii,Poaceae
Koeleria pyramidata,Koeleria pyramidata,Poaceae
Koeleria vallesiana,Koeleria vallesiana,Poaceae
Krascheninnikovia ceratoides,Krascheninnikovia ceratoides,Amaranthaceae
Kunzea mueleri,Kunzea muelleri,Myrtaceae
Lagotis brachystachya,Lagotis brachystachya,Plantaginaceae
Lagotis brachystachya Maxim.,Lagotis brachystachya,Plantaginaceae
Lamium amplexicaule,Lamium amplexicaule,Lamiaceae
Lamium amplexicaule L.,Lamium amplexicaule,Lamiaceae
Lancea tibetica,Lancea tibetica,Phrymaceae
Lancea tibetica Hook.f. et Thoms.,Lancea tibetica,Phrymaceae
Lappula intermedia,Lappula intermedia,Boraginaceae
Laretia acaulis,Laretia acaulis,Apiaceae
Laserpitium nitidum,Laserpitium nitidum,Apiaceae
Laserpitium peucedanoides,Laserpitium peucedanoides,Apiaceae
Lathyrus pratensis,Lathyrus pratensis,Leguminosae
Lathyrus pratensis L.,Lathyrus pratensis,Leguminosae
Leibinitzia anandria,Leibnitzia anandria,Compositae
Leibinitzia nepalensis,Leibnitzia nepalensis,Compositae
Leibnitzia anandria,Leibnitzia anandria,Compositae
Leibnitzia nepalensis,Leibnitzia nepalensis,Compositae
Leibnitzia nepalensis (Kunze) Kitamura ,Leibnitzia nepalensis,Compositae
Leontodon hispidus,Leontodon hispidus,Compositae
Leontopodium alpinum,Leontopodium nivale,Compositae
Leontopodium calocephalum,Leontopodium calocephalum,Compositae
Leontopodium chuii,Leontopodium chuii,Compositae
Leontopodium dedekensii,Leontopodium dedekensii,Compositae
Leontopodium franchetii,Leontopodium franchetii,Compositae
Leontopodium haplophylloides,Leontopodium haplophylloides,Compositae
Leontopodium haplophylloides Hand.-Mazz.,Leontopodium haplophylloides,Compositae
Leontopodium leonntopodicides,Leontopodium leontopodioides,Compositae
Leontopodium leontopodioides (Willd.) Beauv.,Antennaria rosea,Compositae
Leontopodium microphyllum,Leontopodium microphyllum,Compositae
Leontopodium nanum,Leontopodium nanum,Compositae
Leontopodium nivale,Leontopodium nivale,Compositae
Leontopodium ochroleucum,Leontopodium ochroleucum,Compositae
Leontopodium souliei,Leontopodium souliei,Compositae
Leontopodium souliei Beauv.,Leontopodium souliei,Compositae
Leontopodiun calocephalum,Leontopodium calocephalum,Compositae
Leontopodiun japonicum,Leontopodium japonicum,Compositae
Leonurus japonicus,Leonurus japonicus,Lamiaceae
Leonurus japonicus Houtt.,Leonurus japonicus,Lamiaceae
Lepidium apetalum,Lepidium apetalum,Brassicaceae
Lepidium apetalum Willdenow,Lepidium apetalum,Brassicaceae
Lepidium capitatum,Lepidium capitatum,Brassicaceae
Lepidium cuneiforme,Lepidium cuneiforme,Brassicaceae
Lepidium cuneiforme C. Y. Wu,Lepidium cuneiforme,Brassicaceae
Lepidium latifolium,Lepidium latifolium,Brassicaceae
Lepyrodiclis holosteoides,Lepyrodiclis holosteoides,Caryophyllaceae
Lepyrodiclis holosteoides (C. A. Meyer) Fenzl. ex Fisher et C. A. Meyer,Lepyrodiclis holosteoides,Caryophyllaceae
Lespedeza davurica,Lespedeza davurica,Leguminosae
Leucanthemopsis alpina,Leucanthemopsis alpina,Compositae
Leucanthemum vulgare,Leucanthemum vulgare,Compositae
Leucochrysum albicans subsp. Albicans,Leucochrysum albicans,Compositae
Leucochrysum alpinum,Leucochrysum alpinum,Compositae
Leymus secalinus,Leymus secalinus,Poaceae
Leymus secalinus (Georgi) Tzvel.,Leymus secalinus,Poaceae
Libanotis seseloides,Libanotis seseloides,Apiaceae
Ligularia fischeri,Ligularia fischeri,Compositae
Ligularia fischeri (Ledeb.) Turcz.,Ligularia fischeri,Compositae
Ligularia mocrodouta,Ligularia macrodonta,Compositae
Ligularia przewalskii,Ligularia przewalskii,Compositae
Ligularia przewalskii (Maxim.) Diels,Ligularia przewalskii,Compositae
Ligularia sagitta,Ligularia sagitta,Compositae
Ligularia sagitta (Maxim.) Mattf.,Ligularia sagitta,Compositae
Ligularia veitchiana,Ligularia veitchiana,Compositae
Ligularia veitchiana (Hemsl.) Greenm.,Ligularia veitchiana,Compositae
Ligularia virgaurea,Ligularia virgaurea,Compositae
Ligularia virgaurea (Maxim.) Mattf.,Ligularia virgaurea,Compositae
Ligusticum acuminatum,Ligusticum acuminatum,Apiaceae
Ligusticum moniliforme,Ligusticum moniliforme,Apiaceae
Ligusticum thomsonii C.B.Clarke,Seseli mucronatum,Apiaceae
Lilium callosum,Lilium callosum,Liliaceae
Lilium duchartrei,Lilium duchartrei,Liliaceae
Lilium pumilum,Lilium pumilum,Liliaceae
Lilium pumilum DC.,Lilium pumilum,Liliaceae
Linaria alpina,Linaria alpina,Plantaginaceae
Linaria tonzigii,Linaria tonzigii,Plantaginaceae
Linum amurense,Linum amurense,Linaceae
Linum amurense Alef.,Linum amurense,Linaceae
Linum catharticum,Linum catharticum,Linaceae
Linum pallescens,Linum pallescens,Linaceae
Linum perenne,Linum perenne,Linaceae
Linum perenne L.,Linum perenne,Linaceae
Linum usitatissimum,Linum usitatissimum,Linaceae
Lloydia oxycarpa,Lloydia oxycarpa,Liliaceae
Lloydia oxycarpa Franch.,Lloydia oxycarpa,Liliaceae
Loasa caespitosa,Loasa caespitosa,Loasaceae
Loiseleuria procumbens,Loiseleuria procumbens,Ericaceae
Lolium persicum,Lolium persicum,Poaceae
Lomatogonium carinthiacum,Lomatogonium carinthiacum,Gentianaceae
Lomatogonium carinthiacum (Wulf.) Reichb.,Lomatogonium carinthiacum,Gentianaceae
Lomatogonium gamosepalum,Lomatogonium gamosepalum,Gentianaceae
Lomatogonium macranthum,Lomatogonium macranthum,Gentianaceae
Lomatogonium macranthum (Diels et Gilg) Fern.,Lomatogonium macranthum,Gentianaceae
Lotus corniculatus,Lotus corniculatus,Leguminosae
Lupinus microcarpus,Lupinus microcarpus,Leguminosae
Luzula acutifolia,Luzula acutifolia,Juncaceae
Luzula acutifolia ssp. nana,Diplaspis nivis,Apiaceae
Luzula alpinopilosa,Luzula alpinopilosa,Juncaceae
Luzula atrata,Luzula atrata,Juncaceae
Luzula brachyphylla,Luzula brachyphylla,Juncaceae
Luzula campestris,Luzula campestris,Juncaceae
Luzula modesta,Luzula modesta,Juncaceae
Luzula multiflora,Luzula multiflora,Juncaceae
Luzula spicata,Luzula spicata,Juncaceae
Luzula sylvatica,Luzula sylvatica,Juncaceae
Lychnis alpina,Silene suecica,Caryophyllaceae
Lysimachia barystachys,Lysimachia barystachys,Primulaceae
Macleaya microcarpa,Macleaya microcarpa,Papaveraceae
Madia sativa,Madia sativa,Compositae
Malcolmia africana,Malcolmia africana,Brassicaceae
Malcolmia africana (L.) R.Br.,Malcolmia africana,Brassicaceae
Malva verticillata,Malva verticillata,Malvaceae
Malva verticillata L. var. chinensis (Miller) S.Y.Hu,Malva verticillata,Malvaceae
Matricaria caucasica,Matricaria breviradiata,Compositae
Meconopsis horridula,Meconopsis horridula,Papaveraceae
Meconopsis horridula Hook. f. et Thoms.,Meconopsis horridula,Papaveraceae
Meconopsis integrifolia,Meconopsis integrifolia,Papaveraceae
Meconopsis integrifolia (Maxim.) Franch.,Meconopsis integrifolia,Papaveraceae
Meconopsis punicea,Meconopsis punicea,Papaveraceae
Meconopsis punicea Maxim.,Meconopsis punicea,Papaveraceae
Meconopsis quintuplinervia,Meconopsis quintuplinervia,Papaveraceae
Meconopsis quintuplinervia Regel,Meconopsis quintuplinervia,Papaveraceae
Medicago archiducis-nicolai,Medicago archiducis-nicolai,Leguminosae
Medicago archiducis-nicolai Sirj.,Medicago archiducis-nicolai,Leguminosae
Medicago archiduisni,Medicago archiducis-nicolai,Leguminosae
Medicago lupulina,Medicago lupulina,Leguminosae
Medicago lupulina L.,Medicago lupulina,Leguminosae
Medicago minima,Medicago minima,Leguminosae
Medicago ruthenica,Medicago ruthenica,Leguminosae
Medicago ruthenica (L.) Trautv.,Medicago ruthenica,Leguminosae
Medicago sativa,Medicago sativa,Leguminosae
Medicago varia Martyn.,Medicago sativa,Leguminosae
Megacarpaea delavayi,Megacarpaea delavayi,Brassicaceae
Megacarpaea delavayi Franch.,Megacarpaea delavayi,Brassicaceae
Melaleuca pityoides,Callistemon pityoides,Myrtaceae
Melandrium apricum (Turcz. ex Fisch. et. Mey.) Rohrb.,Silene aprica,Caryophyllaceae
Melica onoei,Melica onoei,Poaceae
Melica onoei French et Sav.,Melica onoei,Poaceae
Melica przewalskyi,Melica przewalskyi,Poaceae
Melilotus albus,Melilotus albus,Leguminosae
Melilotus officinalis,Melilotus officinalis,Leguminosae
Melilotus officinalis (L.) Desr.,Melilotus officinalis,Leguminosae
Melilotus suaveolens,Melilotus suaveolens,Leguminosae
Menyanthes trifoliata,Menyanthes trifoliata,Menyanthaceae
Meum athamanticum,Meum athamanticum,Apiaceae
Microgynoecium tibeticum,Microgynoecium tibeticum,Amaranthaceae
Microseris lanceolata,Microseris lanceolata,Compositae
Microsteris gracilis,Microsteris gracilis,Polemoniaceae
Microula sikkimensis,Microula sikkimensis,Boraginaceae
Microula tangutica,Microula tangutica,Boraginaceae
Mimulus szechuanensis,Mimulus szechuanensis,Phrymaceae
Minuartia graminifolia,Minuartia graminifolia,Caryophyllaceae
Minuartia sedoides,Minuartia sedoides,Caryophyllaceae
Minuartia verna,Minuartia verna,Caryophyllaceae
Minuartia verna subsp. verna,Minuartia verna,Caryophyllaceae
Moehringia glaucovirens,Moehringia glaucovirens,Caryophyllaceae
Montiopsis gayana,Montiopsis gayana,Montiaceae
Montiopsis sericea,Montiopsis sericea,Montiaceae
Morina nepalensis D. Don var. alba (Hand.-Mazz.) Y.C.Tang,Acanthocalyx alba,Caprifoliaceae
Muhlendergia hugelii,Muhlenbergia huegelii,Poaceae
Mutisia sinuata,Mutisia sinuata,Compositae
Myosotis alpestris,Myosotis alpestris,Boraginaceae
Myosotis alpina,Myosotis alpina,Boraginaceae
Myricaria germanica,Myricaria germanica,Tamaricaceae
Nabalus tatarinowii,Nabalus tatarinowii,Compositae
Nardostachys chinensis Bat.,Nardostachys jatamansi,Caprifoliaceae
Nardostachys jatamansi,Nardostachys jatamansi,Caprifoliaceae
Nardus stricta,Nardus stricta,Poaceae
Nassauvia lagascae,Nassauvia lagascae,Compositae
Nassauvia pinnigera,Nassauvia pinnigera,Compositae
Nassauvia revoluta,Nassauvia revoluta,Compositae
Nastanthus scapigerus,Nastanthus scapigerus,Calyceraceae
Nastanthus spathulatus,Nastanthus scapigerus,Calyceraceae
Neopaxia australasica,Neopaxia australasica,Portulacaceae
Nepallasia pectinata,Neopallasia pectinata,Compositae
Nepeta coerulescens,Nepeta coerulescens,Lamiaceae
Nepeta densiflora,Nepeta densiflora,Lamiaceae
Nepeta multifida,Nepeta multifida,Lamiaceae
Nepeta prattii,Nepeta prattii,Lamiaceae
Nepeta prattii Lévl.,Nepeta prattii,Lamiaceae
Nepeta tenuifolia,Nepeta tenuifolia,Lamiaceae
Netoptergium forbesii,Notopterygium forrestii,Apiaceae
Nicotiana corymbosa,Nicotiana corymbosa,Solanaceae
Nothoscordum andinum,Nothoscordum andinum,Amaryllidaceae
Notopterygium forbesii Boiss.,Notopterygium franchetii,Apiaceae
Notopterygium franchetii,Notopterygium franchetii,Apiaceae
Notopterygium incisum,Notopterygium incisum,Apiaceae
Notopterygium incisum Ting ex H. T. Chang,Notopterygium incisum,Apiaceae
Odontarrhena argentea,Alyssum murale,Brassicaceae
Olearia algida,Olearia algida,Compositae
Olearia phlogopappa,Olearia phlogopappa,Compositae
Olgaca tangutica,Olgaea tangutica,Compositae
Olsynium junceum,Olsynium junceum,Iridaceae
Olsynium philippii,Olsynium philippii,Iridaceae
Onobrychis montana,Onobrychis montana,Leguminosae
Oreobolus distichus,Oreobolus distichus,Cyperaceae
Oreomyrrhis ciliata,Chaerophyllum australianum,Apiaceae
Oreomyrrhis eriopoda,Chaerophyllum eriopodum,Apiaceae
Orgzopsis munroi,Piptatherum munroi,Poaceae
Orostachys fimbriata,Orostachys fimbriata,Crassulaceae
Orostachys fimbriatus (Turcz.) Berger,Orostachys fimbriata,Crassulaceae
Oxalis corniculata,Oxalis corniculata,Oxalidaceae
Oxalis corniculata L.,Oxalis corniculata,Oxalidaceae
Oxygraphis glacialis (Fisch.) Bunge,Ranunculus kamchaticus,Ranunculaceae
Oxylobium ellipticum,Oxylobium ellipticum,Leguminosae
Oxyria digyna,Oxyria digyna,Polygonaceae
Oxytropis campestris,Oxytropis campestris,Leguminosae
Oxytropis coerulea,Oxytropis coerulea,Leguminosae
Oxytropis falcata,Oxytropis falcata,Leguminosae
Oxytropis falcata Bunge,Oxytropis falcata,Leguminosae
Oxytropis halleri,Oxytropis halleri,Leguminosae
Oxytropis kansuensis,Oxytropis kansuensis,Leguminosae
Oxytropis kansuensis Bunge,Oxytropis kansuensis,Leguminosae
Oxytropis longipedunculata,Oxytropis longipedunculata,Leguminosae
Oxytropis ochrocephala,Oxytropis ochrocephala,Leguminosae
Oxytropis ochrocephala Bunge,Oxytropis ochrocephala,Leguminosae
Oxytropis xinglongshanica,Oxytropis xinglongshanica,Leguminosae
Oxytropis xinglongshanica C.W.Chang,Oxytropis xinglongshanica,Leguminosae
Ozothamnus alpina,Ozothamnus alpinus,Compositae
Ozothamnus cupressoides,Ozothamnus cupressoides,Compositae
Ozothamnus hookeri,Ozothamnus hookeri,Compositae
Paeonia anomala,Paeonia anomala,Paeoniaceae
Papaver alpinum,Papaver alpinum,Papaveraceae
Papaver rhaeticum,Papaver alpinum,Papaveraceae
Paraixeris denticulata (Houtt.) Nakai ,Crepidiastrum denticulatum,Compositae
Paraquilegia microphylla,Paraquilegia microphylla,Ranunculaceae
Paraquilegia microphylla (Royle) Drumm. et Hutch.,Paraquilegia microphylla,Ranunculaceae
Parasenecio deltophyllus,Parasenecio deltophyllus,Compositae
Parasenecio deltophyllus (Maxim.) Y. L. Chen,Parasenecio deltophyllus,Compositae
Parasenecio roborowskii,Parasenecio roborowskii,Compositae
Parasenecio roborowskii (Maxim.) Y. L. Chen,Parasenecio roborowskii,Compositae
Parasenecio sinicus,Parasenecio sinicus,Compositae
Parassia brevistyle,Parnassia brevistyla,Celastraceae 
Parassia oreophila,Parnassia oreophila,Celastraceae 
Parietaria debilis,Parietaria debilis,Urticaceae
Parinia heterophylla,Patrinia heterophylla,Caprifoliaceae
Parnassia brevistyla,Parnassia brevistyla,Celastraceae
Parnassia oreophila,Parnassia oreophila,Celastraceae
Parnassia oreophila Hance,Parnassia oreophila,Celastraceae
Parnassia palustris,Parnassia palustris,Celastraceae
Parnassia trinervis,Parnassia trinervis,Celastraceae
Parnassia trinervis Drude,Parnassia trinervis,Celastraceae
Patrinia heterophylla,Patrinia heterophylla,Caprifoliaceae
Pedicularis alaschanica,Pedicularis alaschanica,Orobanchaceae
Pedicularis alaschanica Maxim.,Pedicularis alaschanica,Orobanchaceae
Pedicularis albiflora,Pedicularis albiflora,Orobanchaceae
Pedicularis brevilabris,Pedicularis brevilabris,Orobanchaceae
Pedicularis cheilanthifolia,Pedicularis cheilanthifolia,Orobanchaceae
Pedicularis cheilanthifolia Schrenk,Pedicularis cheilanthifolia,Orobanchaceae
Pedicularis chinensis,Pedicularis chinensis,Orobanchaceae
Pedicularis chinensis Maxim.,Pedicularis chinensis,Orobanchaceae
Pedicularis cranolopha,Pedicularis cranolopha,Orobanchaceae
Pedicularis cristatella,Pedicularis cristatella,Orobanchaceae
Pedicularis ingens,Pedicularis ingens,Orobanchaceae
Pedicularis kansuensis,Pedicularis kansuensis,Orobanchaceae
Pedicularis kansuensis Maxim.,Pedicularis kansuensis,Orobanchaceae
Pedicularis lachnoglossa,Pedicularis lachnoglossa,Orobanchaceae
Pedicularis lachnoglossa Hk. F.,Pedicularis lachnoglossa,Orobanchaceae
Pedicularis lasiophrys,Pedicularis lasiophrys,Orobanchaceae
Pedicularis lasiophrys Maxim.,Pedicularis lasiophrys,Orobanchaceae
Pedicularis lasiophrys Maxim. var. sinica Maxim.,Pedicularis lasiophrys,Orobanchaceae
Pedicularis longiflora,Pedicularis longiflora,Orobanchaceae
Pedicularis longiflora Rudolph var. tubiformis ?Klotz.? Tsoong,Pedicularis longiflora,Orobanchaceae
Pedicularis longipes,Pedicularis longipes,Orobanchaceae
Pedicularis palustris,Pedicularis palustris,Orobanchaceae
Pedicularis polyodonta,Pedicularis polyodonta,Orobanchaceae
Pedicularis polyodonta Li,Pedicularis polyodonta,Orobanchaceae
Pedicularis pseudoingens,Pedicularis pseudoingens,Orobanchaceae
Pedicularis rhinanthoides,Pedicularis rhinanthoides,Orobanchaceae
Pedicularis rudis,Pedicularis rudis,Orobanchaceae
Pedicularis rudis Maxim.,Pedicularis rudis,Orobanchaceae
Pedicularis schizorrhyncha,Pedicularis schizorrhyncha,Orobanchaceae
Pedicularis semitorta,Pedicularis semitorta,Orobanchaceae
Pedicularis semitorta Maxim.,Pedicularis semitorta,Orobanchaceae
Pedicularis spicata,Pedicularis spicata,Orobanchaceae
Pedicularis spicata Pall.,Pedicularis spicata,Orobanchaceae
Pedicularis striata,Pedicularis striata,Orobanchaceae
Pedicularis striata Pall. subsp. arachnoidea (Franch.) Tsoong,Pedicularis striata,Orobanchaceae
Pedicularis szetschuanica,Pedicularis szetschuanica,Orobanchaceae
Pedicularis ternata,Pedicularis ternata,Orobanchaceae
Pedicularis ternata Maxim.,Pedicularis ternata,Orobanchaceae
Pedicularis torta,Pedicularis torta,Orobanchaceae
Pedicularis tristis,Pedicularis tristis,Orobanchaceae
Pedicularis tristis L.,Pedicularis tristis,Orobanchaceae
Pedicularis tuberosa,Pedicularis tuberosa,Orobanchaceae
Pedicularis cristatella Pennell et Li ,Pedicularis cristatella,Orobanchaceae
Peganum harmala,Peganum harmala,Nitrariaceae
Peganum multisectum,Peganum multisectum,Nitrariaceae
Peganum multisectum (Maxim.) Bobr.,Peganum multisectum,Nitrariaceae
Pelargonium helmsii*,Pelargonium helmsii,Geraniaceae
Pennisetum centrasiaticum,Pennisetum centrasiaticum,Poaceae
Pennisetum centrasiaticum Tzvel.,Pennisetum centrasiaticum,Poaceae
Pennisetum glaucum,Pennisetum glaucum,Poaceae
Pennisetum glaucum,Setaria glauca,Poaceae
Pentachondra pumila,Pentachondra pumila,Ericaceae
Perezia pedicularidifolia,Perezia pedicularidifolia,Compositae
Persicaria amphibia,Persicaria amphibia,Polygonaceae
Persicaria bistorta,Persicaria bistorta,Polygonaceae
Persicaria hydropiper,Persicaria hydropiper,Polygonaceae
Persicaria nepalensis,Persicaria nepalensis,Polygonaceae
Persicaria orientalis,Persicaria orientalis,Polygonaceae
Persicaria vivipara,Persicaria vivipara,Polygonaceae
Pertya discolor,Pertya discolor,Compositae
Pertya discolor Rehd.,Pertya discolor,Compositae
Peucedanum praeruptorum,Peucedanum praeruptorum,Apiaceae
Philadelphus incanus,Philadelphus incanus,Hydrangeaceae
Phleum alpinum,Phleum alpinum,Poaceae
Phleum hirsutum,Phleum hirsutum,Poaceae
Phleum rhaeticum,Phleum alpinum,Poaceae
Phlomis umbrosa Turcz.,Phlomoides umbrosa,Lamiaceae
Phlomoides dentosa,Phlomoides dentosa,Lamiaceae
Phlomoides kansuensis,Phlomoides kansuensis,Lamiaceae
Phlomoides rotata,Phlomoides rotata,Lamiaceae
Phlomoides umbrosa,Phlomoides umbrosa,Lamiaceae
Phragmites australis,Phragmites australis,Poaceae
Phragmites australis (Cav.) Trin. ex Steud.,Phragmites australis,Poaceae
Phtheirospermum japonicum,Phtheirospermum japonicum,Orobanchaceae
Phtheirospermum japonicum (Thunb.) Kanitz,Phtheirospermum japonicum,Orobanchaceae
Phyteuma hemisphaericum,Phyteuma hemisphaericum,Campanulaceae
Phyteuma nigrum,Phyteuma nigrum,Campanulaceae
Phyteuma orbiculare,Phyteuma orbiculare,Campanulaceae
Phyteuma scheuchzeri,Phyteuma scheuchzeri,Campanulaceae
Phyteuma sieberi,Phyteuma sieberi,Campanulaceae
Phytolacca acinosa,Phytolacca acinosa,Phytolaccaceae
Phytolacca acinosa Roxb.,Phytolacca acinosa,Phytolaccaceae
Picranostigma leptopoyum,Dicranostigma leptopodum,Papaveraceae
Picris hieracioides,Picris hieracioides,Compositae
Picris hieracioides L. ssp. Japonica Krylv.,Picris hieracioides,Compositae
Pilea pumila,Pilea pumila,Urticaceae
Pilosella officinarum,Pilosella officinarum,Compositae
Pimelea axiflora ,Pimelea axiflora,Thymelaeaceae
Pimelea ligustrina ssp. ciliata,Pimelea ligustrina,Thymelaeaceae
Pimpinella diversifolia,Pimpinella diversifolia,Apiaceae
Pimpinella major,Pimpinella major,Apiaceae
Pimpinella saxifraga,Pimpinella saxifraga,Apiaceae
Pimpinella smithii,Pimpinella smithii,Apiaceae
Pinguicula leptoceras,Pinguicula leptoceras,Lentibulariaceae
Pinguicula poldinii,Pinguicula poldinii,Lentibulariaceae
Piptatherum munroi,Piptatherum munroi,Poaceae
Piptatherum tibeticum,Piptatherum tibeticum,Poaceae
Plantage depressa,Plantago depressa,Plantaginaceae
Plantage major,Plantago major,Plantaginaceae
Plantago alpina,Plantago alpina,Plantaginaceae
Plantago asiatica,Plantago asiatica,Plantaginaceae
Plantago asiatica L.,Plantago asiatica,Plantaginaceae
Plantago atrata,Plantago atrata,Plantaginaceae
Plantago depressa,Plantago depressa,Plantaginaceae
Plantago depressa Willd.,Plantago depressa,Plantaginaceae
Plantago glacialis,Ozothamnus cupressoides,Compositae
Plantago lanceolata,Plantago lanceolata,Plantaginaceae
Plantago major,Plantago major,Plantaginaceae
Plantago maritima,Plantago maritima,Plantaginaceae
Plantago media,Plantago media,Plantaginaceae
Plantago muellerii,Plantago muelleri,Plantaginaceae
Plantago serpentina,Plantago maritima,Plantaginaceae
Pleurospermum cristatum,Pleurospermum cristatum,Apiaceae
Pleurospermum cristatum H.de Boiss,Pleurospermum cristatum,Apiaceae
Pleurospermum hookeri,Pleurospermum hookeri,Apiaceae
Pleurospermum uralense,Pleurospermum uralense,Apiaceae
Pleurospermum wilsonii,Pleurospermum wilsonii,Apiaceae
Pleurospermum wrightianum,Pleurospermum wrightianum,Apiaceae
Plumbagela micrantha,Plumbagella micrantha,Plumbaginaceae
Plumbagella micrantha,Plumbagella micrantha,Plumbaginaceae
Plumbagella micrantha (Ledeb.) Spach,Plumbagella micrantha,Plumbaginaceae
Poa alpigena,Poa alpigena,Poaceae
Poa alpina,Poa alpina,Poaceae
Poa annua,Poa annua,Poaceae
Poa annua L.,Poa annua,Poaceae
Poa attenuata,Poa attenuata,Poaceae
Poa attenuata Trin.,Poa attenuata,Poaceae
Poa attenuata Trin. var. vivipara Rendle,Poa attenuata,Poaceae
Poa costiniana,Poa costiniana,Poaceae
Poa crymophila Keng ex C.Ling,Poa attenuata,Poaceae
Poa declinata Keng ex L.Liou,Poa szechuensis,Poaceae
Poa faberi,Poa faberi,Poaceae
Poa hiemata,Poa hiemata,Poaceae
Poa nemoralis,Poa nemoralis,Poaceae
Poa nepalensis,Poa nepalensis,Poaceae
Poa paucifolia Keng,Poa faberi,Poaceae
Poa phillipsiana,Poa phillipsiana,Poaceae
Poa pratensis,Poa pratensis,Poaceae
Poa pratensis L.,Poa pratensis,Poaceae
Poa sikkimensis,Poa sikkimensis,Poaceae
Poa sinoglauca,Poa sinoglauca,Poaceae
Poa szechuensis,Poa szechuensis,Poaceae
Poa tunicata Keng,Poa sikkimensis,Poaceae
Podolepis robusta,Podolepis robusta,Compositae
Polemonium caeruleum,Polemonium caeruleum,Polemoniaceae
Polemonium chinense,Polemonium chinense,Polemoniaceae
Polemonium coeruleum L. var. chinense Brand,Polemonium chinense,Polemoniaceae
Polygala alpina,Polygala alpina,Polygalaceae
Polygonatum verticillatum,Polygonatum verticillatum,Asparagaceae
Polygonatum verticillatum (L.) All.,Polygonatum verticillatum,Asparagaceae
Polygonum aviculare,Polygonum aviculare,Polygonaceae
Polygonum dissitiflorum,Polygonum dissitiflorum,Polygonaceae
Polygonum divaricatum,Polygonum divaricatum,Polygonaceae
Polygonum fertile,Polygonum fertile,Polygonaceae
Polygonum fertile (Maxim.) A.J.Li,Polygonum fertile,Polygonaceae
Polygonum hydropiper L.,Persicaria hydropiper,Polygonaceae
Polygonum macrophyllum,Polygonum macrophyllum,Polygonaceae
Polygonum macrophyllum D. Don,Polygonum macrophyllum,Polygonaceae
Polygonum muitiflorum.,Polygonum multiflorum,Polygonaceae
Polygonum orientale L,Persicaria orientalis,Polygonaceae
Polygonum sibiricum,Polygonum sibiricum,Polygonaceae
Polygonum sibiricum L.,Polygonum sibiricum,Polygonaceae
Polygonum sparsipilosum,Polygonum sparsipilosum,Polygonaceae
Polygonum sparsipilosum A.J.L,Polygonum sparsipilosum,Polygonaceae
Polygonum thunbergii,Polygonum thunbergii,Polygonaceae
Polygonum viviparum,Persicaria vivipara,Polygonaceae
Polypogon fugax,Polypogon fugax,Poaceae
Polypogon fugax Nees ex Steud.,Polypogon fugax,Poaceae
Pomatosace filicula,Pomatosace filicula,Primulaceae
Pomatosace filicula Maxim.,Pomatosace filicula,Primulaceae
Portulaca oleracea,Portulaca oleracea,Portulacaceae
Potantilla saundersiana,Potentilla saundersiana,Rosaceae
Potentilla aurea,Potentilla aurea,Rosaceae
Potentilla bifurca L.,Sibbaldianthe bifurca,Rosaceae
Potentilla chinensis,Potentilla chinensis,Rosaceae
Potentilla chinensis Ser.,Potentilla chinensis,Rosaceae
Potentilla conferta,Potentilla conferta,Rosaceae
Potentilla conferta Bunge,Potentilla conferta,Rosaceae
Potentilla crantzii,Potentilla crantzii,Rosaceae
Potentilla grammopetala,Potentilla grammopetala,Rosaceae
Potentilla grandiflora,Potentilla grandiflora,Rosaceae
Potentilla longifolia,Potentilla longifolia,Rosaceae
Potentilla longifolia Willd. ex Schlecht.,Potentilla longifolia,Rosaceae
Potentilla muitifide,Potentilla multifida,Rosaceae
Potentilla multifolia,Potentilla multifida,Rosaceae
Potentilla pamiroalaica,Potentilla pamiroalaica,Rosaceae
Potentilla potaninii,Potentilla potaninii,Rosaceae
Potentilla potaninii Wolf,Potentilla potaninii,Rosaceae
Potentilla saundersiana,Potentilla saundersiana,Rosaceae
Potentilla supina,Potentilla supina,Rosaceae
Potentilla supina L.,Potentilla supina,Rosaceae
Potentilla tanacetifolia,Potentilla tanacetifolia,Rosaceae
Potentilla tanacetifolia Willd. ex Schlecht.,Potentilla tanacetifolia,Rosaceae
Potentilla verna,Potentilla grandiflora,Rosaceae
Potentilla?chrysantha NA,Potentilla chrysantha,Rosaceae
Prenanthes macrophylla Franch.,Nabalus tatarinowii,Compositae
Prenanthes tatarinowii Maxim.,Nabalus tatarinowii,Compositae
Primula agleniana,Primula agleniana,Primulaceae
Primula auricula,Primula auricula,Primulaceae
Primula elatior,Primula elatior,Primulaceae
Primula farinosa,Primula farinosa,Primulaceae
Primula gemmifera,Primula gemmifera,Primulaceae
Primula gemmifera Batal.,Primula gemmifera,Primulaceae
Primula glaucescens,Primula glaucescens,Primulaceae
Primula integrifolia,Primula integrifolia,Primulaceae
Primula matthioli,Primula matthioli,Primulaceae
Primula minima,Primula minima,Primulaceae
Primula nutans,Primula nutans,Primulaceae
Primula nutans Georgi ,Primula nutans,Primulaceae
Primula orbicularis,Primula orbicularis,Primulaceae
Primula orbicularis Hemsl.,Primula orbicularis,Primulaceae
Primula polyneura,Primula polyneura,Primulaceae
Primula secundiflora,Primula secundiflora,Primulaceae
Primula stenocalyx,Primula stenocalyx,Primulaceae
Primula tangutica,Primula tangutica,Primulaceae
Primula tangutica Duthie,Primula tangutica,Primulaceae
Primula veris,Primula veris,Primulaceae
Prostanthera cuneata,Prostanthera cuneata,Lamiaceae
Prunella vulgaris,Prunella vulgaris,Lamiaceae
Psychrophila introloba,Psychrophila introloba,Ranunculaceae
Pternopetalum heterophyllum,Pternopetalum heterophyllum,Apiaceae
Pterocephalus hookeri,Pterocephalus hookeri,Caprifoliaceae
Ptilagrastis dichotona,Ptilagrostis dichotoma,Poaceae
Ptilagrostis concinna (Hook. f.) Roshev. ,Stipa concinna,Poaceae
Ptilagrostis dichotoma,Ptilagrostis dichotoma,Poaceae
Ptilagrostis dichotoma Keng ex Tzvel.,Ptilagrostis dichotoma,Poaceae
Pulsatilla alpina,Anemone alpina,Ranunculaceae
Pulsatilla vernalis,Anemone vernalis,Ranunculaceae
Pycreus sanguinolentus,Pycreus sanguinolentus,Cyperaceae
Pycreus sanguinolentus (Vahl) Nees,Pycreus sanguinolentus,Cyperaceae
Pyrethrum tatsienense,Pyrethrum tatsienense,Compositae
Pyrethrum tatsienense (Bur. et Franch.) Ling ex Shih,Pyrethrum tatsienense,Compositae
Ranunculus acrophilus,Ranunculus acrophilus,Ranunculaceae
Ranunculus anemoneus,Ranunculus anemoneus,Ranunculaceae
Ranunculus brotherusii,Ranunculus brotherusii,Ranunculaceae
Ranunculus clivicola,Ranunculus clivicola,Ranunculaceae
Ranunculus dissectifolius,Ranunculus dissectifolius,Ranunculaceae
Ranunculus graniticola,Ranunculus graniticola,Ranunculaceae
Ranunculus gunnianus,Ranunculus gunnianus,Ranunculaceae
Ranunculus japonicus,Ranunculus japonicus,Ranunculaceae
Ranunculus kamchaticus,Ranunculus kamchaticus,Ranunculaceae
Ranunculus lappaceus,Ranunculus lappaceus,Ranunculaceae
Ranunculus montanum,Ranunculus montanus,Ranunculaceae
Ranunculus montanus,Ranunculus montanus,Ranunculaceae
Ranunculus muellerii,Ranunculus muelleri,Ranunculaceae
Ranunculus niphophilus,Ranunculus niphophilus,Ranunculaceae
Ranunculus pedatifidus,Ranunculus pedatifidus,Ranunculaceae
Ranunculus pimpinellifolius,Ranunculus pimpinellifolius,Ranunculaceae
Ranunculus pulchellus,Ranunculus pulchellus,Ranunculaceae
Ranunculus serpens,Ranunculus serpens,Ranunculaceae
Ranunculus tanguticus (Maxim.) Ovcz.,Ranunculus brotherusii,Ranunculaceae
Rhaponticum bicknellii,Rhaponticum bicknellii,Compositae
Rheum palmatum,Rheum palmatum,Polygonaceae
Rhinanthus glacialis,Rhinanthus glacialis,Orobanchaceae
Rhodiola dumulosa,Rhodiola dumulosa,Crassulaceae
Rhodiola dumulosa (Franch.) S.H.Fu,Rhodiola dumulosa,Crassulaceae
Rhodiola eurycarpa (Fröd.) S.H.Fu,Rhodiola macrocarpa,Crassulaceae
Rhodiola kirilowii,Rhodiola kirilowii,Crassulaceae
Rhodiola kirilowii (Regel) Maxim.,Rhodiola kirilowii,Crassulaceae
Rhodiola macrocarpa,Rhodiola macrocarpa,Crassulaceae
Rhodiola rosea,Sedum roseum,Crassulaceae
Rhodiola tangutica,Rhodiola tangutica,Crassulaceae
Rhododendron anthopogonoides,Rhododendron anthopogonoides,Ericaceae
Rhododendron ferrugineum,Rhododendron ferrugineum,Ericaceae
Rhodophiala andicola,Rhodophiala andicola,Amaryllidaceae
Ribes alpinum,Ribes alpinum,Grossulariaceae
Richea continentis,Richea continentis,Ericaceae
Richea continentis ,Richea continentis,Ericaceae
Rodgersia aesculifolia,Rodgersia aesculifolia,Saxifragaceae
Rodgersia aesculifolia Batal.,Rodgersia aesculifolia,Saxifragaceae
Roegneria breviglumis,Roegneria breviglumis,Poaceae
Roegneria breviglumis Keng,Roegneria breviglumis,Poaceae
Roegneria dura (Keng) Keng,Elymus durus,Poaceae
Roegneria kokonorica Keng,Elymus kokonoricus,Poaceae
Roegneria nutans,Roegneria nutans,Poaceae
Roegneria stricta Keng,Elymus strictus,Poaceae
Roegneria varia Keng et S.L.Cheng,Elymus varius,Poaceae
Rorippa elata,Rorippa elata,Brassicaceae
Rorippa palustris,Rorippa palustris,Brassicaceae
Rorippa palustris (L.) Bess.,Rorippa palustris,Brassicaceae
Rumex acetosa,Rumex acetosa,Polygonaceae
Rumex acetosella,Rumex acetosella,Polygonaceae
Rumex alpestris,Rumex alpestris,Polygonaceae
Rumex alpinus,Rumex alpinus,Polygonaceae
Rumex aquaticus,Rumex aquaticus,Polygonaceae
Rumex crispus,Rumex crispus,Polygonaceae
Rumex crispus L.,Rumex crispus,Polygonaceae
Rumex nepalensis,Rumex nepalensis,Polygonaceae
Rumex nepalensis Spreng.,Rumex nepalensis,Polygonaceae
Rumex patientia,Rumex patientia,Polygonaceae
Rumex patientia L.,Rumex patientia,Polygonaceae
Rumex pseudonatronatus,Rumex pseudonatronatus,Polygonaceae
Rumex pseudonatronatus (Borb.) Borb. ex Murb.,Rumex pseudonatronatus,Polygonaceae
Rumex suffruticosus,Rumex suffruticosus,Polygonaceae
Rytidosperma alpicola,Rytidosperma alpicola,Poaceae
Rytidosperma nudiflora,Rytidosperma nudiflorum,Poaceae
Rytidosperma nudiflorum,Rytidosperma nudiflorum,Poaceae
Rytidosperma pictum,Rytidosperma pictum,Poaceae
Rytidosperma pumilum,Rytidosperma pumilum,Poaceae
Salsola collina,Salsola collina,Amaranthaceae
Salvia flava,Salvia flava,Lamiaceae
Salvia przewalskii,Salvia przewalskii,Lamiaceae
Salvia przewalskii Maxim.,Salvia przewalskii,Lamiaceae
Salvia roborowskii,Salvia roborowskii,Lamiaceae
Salvia roborowskii Maxim.,Salvia roborowskii,Lamiaceae
Salvia tricuspis,Salvia tricuspis,Lamiaceae
Sambucus chinensis Lindl.,Sambucus javanica,Adoxaceae
Sambucus javanica,Sambucus javanica,Adoxaceae
Sanguisorba dodecandra,Sanguisorba dodecandra,Rosaceae
Sanguisorba filiformis,Sanguisorba filiformis,Rosaceae
Sanguisorba officinalis,Sanguisorba officinalis,Rosaceae
Sanguisorba officinalis L.,Sanguisorba officinalis,Rosaceae
Sanicula graveolens,Sanicula graveolens,Apiaceae
Saponaria lutea,Saponaria lutea,Caryophyllaceae
Saposhnikovia divaricata,Saposhnikovia divaricata,Apiaceae
Satachys grandidentata,Stachys grandidentata,Lamiaceae
Saussurea globosa,Saussurea globosa,Compositae
Saussurea globosa Chen,Saussurea globosa,Compositae
Saussurea graminea,Saussurea graminea,Compositae
Saussurea hieracioides,Saussurea hieracioides,Compositae
Saussurea hieracioides Hook.f.,Saussurea hieracioides,Compositae
Saussurea iodostegia,Saussurea iodostegia,Compositae
Saussurea iodostegia Hance,Saussurea iodostegia,Compositae
Saussurea japonica,Saussurea japonica,Compositae
Saussurea japonica (Thunb.) DC.,Saussurea japonica,Compositae
Saussurea kansuensis,Saussurea kansuensis,Compositae
Saussurea macrota,Saussurea macrota,Compositae
Saussurea macrota Franch.,Saussurea macrota,Compositae
Saussurea mongolica,Saussurea mongolica,Compositae
Saussurea neofranchetii,Saussurea neofranchetii,Compositae
Saussurea nigrescens,Saussurea nigrescens,Compositae
Saussurea oligantha,Saussurea oligantha,Compositae
Saussurea pachyneura,Saussurea pachyneura,Compositae
Saussurea parviflora,Saussurea parviflora,Compositae
Saussurea parviflora (Poir.) DC.,Saussurea parviflora,Compositae
Saussurea przewalskii,Saussurea przewalskii,Compositae
Saussurea purpurascens,Saussurea purpurascens,Compositae
Saussurea salicifolia,Saussurea salicifolia,Compositae
Saussurea stella,Saussurea stella,Compositae
Saussurea stella Maxim.,Saussurea stella,Compositae
Saussurea sylvatica,Saussurea sylvatica,Compositae
Saussurea sylvatica Maxim.,Saussurea sylvatica,Compositae
Saussurea variiloba,Saussurea variiloba,Compositae
Saussurea variiloba Ling,Saussurea variiloba,Compositae
Saxifraga aizoides,Saxifraga aizoides,Saxifragaceae
Saxifraga bryoides,Saxifraga bryoides,Saxifragaceae
Saxifraga caesia,Saxifraga caesia,Saxifragaceae
Saxifraga egregia,Saxifraga egregia,Saxifragaceae
Saxifraga egregia Engl.,Saxifraga egregia,Saxifragaceae
Saxifraga exarata,Saxifraga exarata,Saxifragaceae
Saxifraga heleonastes,Saxifraga heleonastes,Saxifragaceae
Saxifraga hostii,Saxifraga hostii,Saxifragaceae
Saxifraga melanocentra,Saxifraga melanocentra,Saxifragaceae
Saxifraga montana,Saxifraga montana,Saxifragaceae
Saxifraga montana H. Smith,Saxifraga montana,Saxifragaceae
Saxifraga oppositifolia,Saxifraga oppositifolia,Saxifragaceae
Saxifraga paniculata,Saxifraga paniculata,Saxifragaceae
Saxifraga sinomontana,Saxifraga sinomontana,Saxifragaceae
Saxifraga stellaris,Saxifraga stellaris,Saxifragaceae
Saxifraga tangutica,Saxifraga tangutica,Saxifragaceae
Saxifraga tombeanensis,Saxifraga tombeanensis,Saxifragaceae
Saxifraga vandellii,Saxifraga vandellii,Saxifragaceae
Scabiosa columbaria,Scabiosa columbaria,Caprifoliaceae
Schizanthus  hookeri,Schizanthus hookeri,Solanaceae
Schizanthus grahamii,Schizanthus grahamii,Solanaceae
Schizanthus hookeri,Schizanthus hookeri,Solanaceae
Schizanthus hookerii,Schizanthus hookeri,Solanaceae
Schizonepeta multifida (L.) Briq.,Nepeta multifida,Lamiaceae
Schoenoplectus triqueter,Schoenoplectus triqueter,Cyperaceae
Scirpus distigmaticus (Kükenth.) Tang et Wang,Trichophorum distigmaticum,Cyperaceae
Scleranthus biflorus,Mniarum biflorum,Caryophyllaceae
Scleranthus perennis,Scleranthus perennis,Caryophyllaceae
Scleranthus singuliflorus,Scleranthus singuliflorus,Caryophyllaceae
Scorzonera austriaca,Scorzonera austriaca,Compositae
Scorzonera austriaca Willd.,Scorzonera austriaca,Compositae
Scorzonera cana,Podospermum canum,Compositae
Scorzoneroides cantabrica,Scorzoneroides cantabrica,Compositae
Scorzoneroides helvetica,Scorzoneroides helvetica,Compositae
Scrofella chinensis,Scrofella chinensis,Plantaginaceae
Scrofella chinensis Maxim.,Scrofella chinensis,Plantaginaceae
Scrophularia incisa,Scrophularia incisa,Scrophulariaceae
Scrophularia incisa Weinm.,Scrophularia incisa,Scrophulariaceae
Scutellaria baicalensis,Scutellaria baicalensis,Lamiaceae
Scutellaria baicalensis Georgi,Scutellaria baicalensis,Lamiaceae
Scutellaria rehderiana,Scutellaria rehderiana,Lamiaceae
Sedum aizoon,Sedum aizoon,Crassulaceae
Sedum aizoon L.,Sedum aizoon,Crassulaceae
Sedum celatum,Sedum celatum,Crassulaceae
Sedum roseum,Sedum roseum,Crassulaceae
Sedum sarmentosum,Sedum sarmentosum,Crassulaceae
Sedum stellariifolium,Sedum stellariifolium,Crassulaceae
Sedum ulricae,Sedum ulricae,Crassulaceae
Sempervivum arachnoideum,Sempervivum arachnoideum,Crassulaceae
Senecio argunensis Turcz.,Jacobaea argunensis,Compositae
Senecio bipontinii,Senecio bipontinii,Compositae
Senecio chionophilus,Senecio chionophilus,Compositae
Senecio cordatus,Senecio integerrimus,Compositae
Senecio densiserratus,Senecio densiserratus,Compositae
Senecio densiserratus Chang,Senecio densiserratus,Compositae
Senecio diversipinnus,Senecio diversipinnus,Compositae
Senecio doronicum,Senecio doronicum,Compositae
Senecio dubitabilis,Senecio dubitabilis,Compositae
Senecio dubitabilis C.Jeffrey et Y.L.Chen,Senecio dubitabilis,Compositae
Senecio eruciformis,Senecio eruciformis,Compositae
Senecio flammeus,Senecio flammeus,Compositae
Senecio gunnii,Senecio gunnii,Compositae
Senecio incanus,Jacobaea incana,Compositae
Senecio incanus ,Jacobaea incana,Compositae
Senecio integerrimus,Senecio integerrimus,Compositae
Senecio squalidus,Senecio squalidus,Compositae
Senecio thianschanicus,Senecio thianschanicus,Compositae
Serratula centauroides,Serratula centauroides,Compositae
Serratula strangulata,Serratula strangulata,Compositae
Serratula tinctoria,Serratula tinctoria,Compositae
Seseli libanotis,Seseli libanotis,Apiaceae
Seseli mucronatum,Seseli mucronatum,Apiaceae
Seseli squarrulosum,Seseli squarrulosum,Apiaceae
Seseli squarrulosum Shan et Sheh,Seseli squarrulosum,Apiaceae
Sesleria albicans,Sesleria albicans,Poaceae
Sesleria caerulea,Sesleria caerulea,Poaceae
Sesleria sphaerocephala,Sesleria sphaerocephala,Poaceae
Sesleria varia,Sesleria caerulea,Poaceae
Setaria glauca (L.) Beauv.,Pennisetum glaucum,Poaceae
Setaria viridis,Setaria viridis,Poaceae
Setaria viridis (L.) Beauv.,Setaria viridis,Poaceae
Sibbaldia procumbens,Sibbaldia procumbens,Rosaceae
Sibbaldia procumbens L. var. aphanopetala (Hand.-Mazz.) Yü et Li,Sibbaldia procumbens,Rosaceae
Sibbaldianthe bifurca,Sibbaldianthe bifurca,Rosaceae
Sibiraea angustata,Sibiraea angustata,Rosaceae
Siegesbeckia pubescens,Sigesbeckia pubescens,Compositae
Silene acaulis,Silene acaulis,Caryophyllaceae
Silene andicola,Silene andicola,Caryophyllaceae
Silene aprica,Silene aprica,Caryophyllaceae
Silene baccifera,Silene baccifera,Caryophyllaceae
Silene ciliata,Silene ciliata,Caryophyllaceae
Silene conoidea,Silene conoidea,Caryophyllaceae
Silene conoidea L.,Silene conoidea,Caryophyllaceae
Silene dioica,Silene dioica,Caryophyllaceae
Silene elisabethae,Silene elisabethae,Caryophyllaceae
Silene fortunei,Silene fortunei,Caryophyllaceae
Silene fortunei Vis,Silene fortunei,Caryophyllaceae
Silene gracilicaulis,Silene gracilicaulis,Caryophyllaceae
Silene gracilicaulis C. L. Tang,Silene gracilicaulis,Caryophyllaceae
Silene himalayensis,Silene himalayensis,Caryophyllaceae
Silene nutans,Silene nutans,Caryophyllaceae
Silene pterosperma,Silene pterosperma,Caryophyllaceae
Silene pterosperma Maxim.,Silene pterosperma,Caryophyllaceae
Silene pusilla,Silene pusilla,Caryophyllaceae
Silene quadridentata,Silene quadridentata,Caryophyllaceae
Silene repens,Silene repens,Caryophyllaceae
Silene repens Patr.,Silene repens,Caryophyllaceae
Silene rupestris,Silene rupestris,Caryophyllaceae
Silene saxifraga,Silene saxifraga,Caryophyllaceae
Silene suecica,Silene suecica,Caryophyllaceae
Silene vallesia,Silene vallesia,Caryophyllaceae
Silene vulgaris,Silene vulgaris,Caryophyllaceae
Silene vulgaris ,Silene vulgaris,Caryophyllaceae
Sinacalia tangutica,Sinacalia tangutica,Compositae
Sinochasea trigyna,Sinochasea trigyna,Poaceae
Sinochasea trigyna Keng,Sinochasea trigyna,Poaceae
Sinopodophyllum hexandrum,Sinopodophyllum hexandrum,Berberidaceae
Sinopodophyllum hexandrum (Royle) Ying,Sinopodophyllum hexandrum,Berberidaceae
Sinosenecio euosmus,Sinosenecio euosmus,Compositae
Sinosenecio euosmus (Hand.-Mazz.) B. Nord.,Sinosenecio euosmus,Compositae
Sisymbrium heteromallum,Sisymbrium heteromallum,Brassicaceae
Sisymbrium heteromallum C.A.Mey.,Sisymbrium heteromallum,Brassicaceae
Sisyrinchium arenarium,Sisyrinchium arenarium,Iridaceae
Sisyrinchium pearcei,Sisyrinchium pearcei,Iridaceae
Sisyrinchium philippiii,Olsynium philippii,Iridaceae
Sisyrinchium sphilippii,Olsynium philippii,Iridaceae
Sisyrinchium striatum,Sisyrinchium striatum,Iridaceae
Smelowskia tibetica,Smelowskia tibetica,Brassicaceae
Solanum hoehnei,Solanum hoehnei,Solanaceae
Solanum nigrum,Solanum americanum,Solanaceae
Solanum alatum Moench,Solanum nigrum,Solanaceae
Soldanella alpina,Soldanella alpina,Primulaceae
Solidago virgaurea,Solidago virgaurea,Compositae
Sonchus arvensis,Sonchus arvensis,Compositae
Sonchus asper,Sonchus asper,Compositae
Sonchus transcaspicus,Sonchus transcaspicus,Compositae
Sorosers erysimoides,Soroseris erysimoides,Compositae
Souliea vaginata (Maxim.) Franch.,Actaea vaginata,Ranunculaceae
Sphallero carpus,Sphallerocarpus gracilis,Apiaceae
Sphallerocarpus gracilis,Sphallerocarpus gracilis,Apiaceae
Sphallerocarpus gracilis (Trevir) K.-Pol.,Sphallerocarpus gracilis,Apiaceae
Spiraea mongolica,Spiraea mongolica,Rosaceae
Stachys affinis,Stachys affinis,Lamiaceae
Stachys albicaulis,Stachys albicaulis,Lamiaceae
Stachys aspera,Stachys aspera,Lamiaceae
Stachys grandidentata,Stachys grandidentata,Lamiaceae
Stachys sieboldi Miq.,Stachys affinis,Lamiaceae
Stackhousia monogyna**,Stackhousia monogyna,Celastraceae
Stackhousia pulvinaris,Stackhousia pulvinaris,Celastraceae
Stellaria aquatica,Stellaria aquatica,Caryophyllaceae
Stellaria decumbens,Stellaria decumbens,Caryophyllaceae
Stellaria dianthifolia,Stellaria dianthifolia,Caryophyllaceae
Stellaria dianthifolia Williams,Stellaria dianthifolia,Caryophyllaceae
Stellaria graminea,Stellaria graminea,Caryophyllaceae
Stellaria graminea L.,Stellaria graminea,Caryophyllaceae
Stellaria media,Stellaria media,Caryophyllaceae
Stellaria neglecta,Stellaria neglecta,Caryophyllaceae
Stellaria neglecta Weihe ex Fingerh.,Stellaria neglecta,Caryophyllaceae
Stellaria palustris,Stellaria palustris,Caryophyllaceae
Stellaria parviumbellata,Stellaria parviumbellata,Caryophyllaceae
Stellaria parviumbellata Y. Z. Zhao,Stellaria parviumbellata,Caryophyllaceae
Stellaria parvi-umvellata,Stellaria parviumbellata,Caryophyllaceae 
Stellaria uda,Stellaria uda,Caryophyllaceae
Stellera chamaejasme,Stellera chamaejasme,Thymelaeaceae
Stellera chamaejasme L.,Stellera chamaejasme,Thymelaeaceae
Stephanachne nigrescens,Stephanachne nigrescens,Poaceae
Stephanachne nigrescens Keng,Stephanachne nigrescens,Poaceae
Stipa aliena,Stipa aliena,Poaceae
Stipa baicalensis,Stipa baicalensis,Poaceae
Stipa breviflora,Stipa breviflora,Poaceae
Stipa bungeana,Stipa bungeana,Poaceae
Stipa bungeana Trin.,Stipa bungeana,Poaceae
Stipa capillacea,Stipa capillacea,Poaceae
Stipa concinna,Stipa concinna,Poaceae
Stipa inebrians,Stipa inebrians,Poaceae
Stipa pappiformis,Stipa pappiformis,Poaceae
Stipa pekinensis,Stipa pekinensis,Poaceae
Stipa przewalskyi,Stipa przewalskyi,Poaceae
Stipa przewalskyi Roshev.,Stipa przewalskyi,Poaceae
Stipa regeliana,Stipa regeliana,Poaceae
Stipa sibirica,Stipa sibirica,Poaceae
Stipa splendens,Stipa splendens,Poaceae
Stylidium graminifolium,Stylidium graminifolium,Stylidiaceae
Swertia bifolia,Swertia bifolia,Gentianaceae
Swertia bifolia Batal.,Swertia bifolia,Gentianaceae
Swertia bimaculata,Swertia bimaculata,Gentianaceae
Swertia bimaculata (Sieb.et Zucc.)Hook.f.et Thoms. ex Clarke ,Swertia bimaculata,Gentianaceae
Swertia diluta,Swertia diluta,Gentianaceae
Swertia diluta (Turcz.) Benth. et Hook. f.,Swertia diluta,Gentianaceae
Swertia erythrosticta,Swertia erythrosticta,Gentianaceae
Swertia erythrosticta Maxim.,Swertia erythrosticta,Gentianaceae
Swertia franchetiana,Swertia franchetiana,Gentianaceae
Swertia franchetiana H. Smith,Swertia franchetiana,Gentianaceae
Swertia tetraptera,Swertia tetraptera,Gentianaceae
Swertia tetraptera Maxim.,Swertia tetraptera,Gentianaceae
Swertia wolfgangiana,Swertia wolfgangiana,Gentianaceae
Taraxacum alpinum,Taraxacum alpinum,Compositae
Taraxacum calanthodium,Taraxacum calanthodium,Compositae
Taraxacum calanthodium Dahlst.,Taraxacum calanthodium,Compositae
Taraxacum campylodes,Taraxacum campylodes,Compositae
Taraxacum cdanthodium,Taraxacum calanthodium,Compositae
Taraxacum confusum,Taraxacum confusum,Compositae
Taraxacum maurocarpum,Taraxacum maurocarpum,Compositae
Taraxacum maurocarpum Dahlst.,Taraxacum maurocarpum,Compositae
Taraxacum mongolicum,Taraxacum mongolicum,Compositae
Taraxacum mongolicum Hand.-Mazz. ,Taraxacum mongolicum,Compositae
Taraxacum officinale,Taraxacum campylodes,Compositae
Taraxacum stevenii,Taraxacum stevenii,Compositae
Tasmannia xerophila,Tasmannia xerophila,Winteraceae
Teesdaliopsis conferta,Teesdaliopsis conferta,Brassicaceae
Telekia speciosissima,Telekia speciosissima,Compositae
Tephroseris rufa,Tephroseris rufa,Compositae
Thalictrum alpinum,Thalictrum alpinum,Ranunculaceae
Thalictrum alpinum L. var. elatum Ulbr.,Thalictrum alpinum,Ranunculaceae
Thalictrum cultratum,Thalictrum cultratum,Ranunculaceae
Thalictrum macrorhynchum,Thalictrum macrorhynchum,Ranunculaceae
Thalictrum macrorhynchum Franch.,Thalictrum macrorhynchum,Ranunculaceae
Thalictrum minus,Thalictrum minus,Ranunculaceae
Thalictrum minus L.,Thalictrum minus,Ranunculaceae
Thalictrum minus L. var. hypoleucum (Sieb.et Zucc.) Miq.,Thalictrum minus,Ranunculaceae
Thalictrum petaloideum,Thalictrum petaloideum,Ranunculaceae
Thalictrum przewalskii,Thalictrum przewalskii,Ranunculaceae
Thalictrum przewalskii Maxim.,Thalictrum przewalskii,Ranunculaceae
Thalictrum rutifolium,Thalictrum rutifolium,Ranunculaceae
Thalictrum rutifolium Hook.f. et Thoms.,Thalictrum rutifolium,Ranunculaceae
Thalictrum uncatum,Thalictrum uncatum,Ranunculaceae
Thalictrum uncatum Maxim.,Thalictrum uncatum,Ranunculaceae
Thalictrum. minus,Thalictrum minus,Ranunculaceae
Thermopsis lanceolata,Thermopsis lanceolata,Leguminosae
Thermopsis lanceolata R. Br.,Thermopsis lanceolata,Leguminosae
Thesium refractum,Thesium refractum,Santalaceae
Thesium refractum C.A.Mey.,Thesium refractum,Santalaceae
Thlaspi alpestre,Thlaspi alpestre,Brassicaceae
Thlaspi arvense,Thlaspi arvense,Brassicaceae
Thymus michaelis,Thymus michaelis,Lamiaceae
Thymus mongolicus,Thymus mongolicus,Lamiaceae
Thymus mongolicus Ronn.,Thymus michaelis,Lamiaceae
Thymus praecox,Thymus praecox,Lamiaceae
Thymus pulegioides,Thymus pulegioides,Lamiaceae
Thymus serpyllum,Thymus serpyllum,Lamiaceae
Tibetia himalaica,Tibetia himalaica,Leguminosae
Tibetia himalaica (Baker) Tsui,Tibetia himalaica,Leguminosae
Tofieldia calyculata,Tofieldia calyculata,Tofieldiaceae
Tongoloa elata,Tongoloa elata,Apiaceae
Tongoloa elata Wolff,Tongoloa elata,Apiaceae
Tongoloa gracilis,Tongoloa gracilis,Apiaceae
Torilis japonica,Torilis japonica,Apiaceae
Torilis scabra,Torilis scabra,Apiaceae
Tragus berteronianus,Tragus berteronianus,Poaceae
Tragus berteronianus Schult.,Tragus berteronianus,Poaceae
Trichophorum distigmaticum,Trichophorum distigmaticum,Cyperaceae
Trichophorum pumilum,Trichophorum pumilum,Cyperaceae
Trifolium alpestre,Trifolium alpestre,Leguminosae
Trifolium alpinum,Trifolium alpinum,Leguminosae
Trifolium badium,Trifolium badium,Leguminosae
Trifolium montanum,Trifolium montanum,Leguminosae
Trifolium pallescens,Trifolium pallescens,Leguminosae
Trifolium polyphyllum,Trifolium polyphyllum,Leguminosae
Trifolium pratense,Trifolium pratense,Leguminosae
Trifolium repens,Trifolium repens,Leguminosae
Trifolium thalii,Trifolium thalii,Leguminosae
Triglochin concinna,Triglochin maritima,Juncaginaceae
Triglochin palustre L.,Triglochin palustris,Juncaginaceae
Triglochin palustris,Triglochin palustris,Juncaginaceae
Trigonella foenum-graecum,Trigonella foenum-graecum,Leguminosae
Tripora divaricata,Tripora divaricata,Lamiaceae
Trisetum clarkei,Trisetum clarkei,Poaceae
Trisetum clarkei (Hook. f.) R.R.Stewart,Trisetum clarkei,Poaceae
Trisetum flavescens,Trisetum flavescens,Poaceae
Trisetum sibiricum,Trisetum sibiricum,Poaceae
Trisetum spicatum,Trisetum spicatum,Poaceae
Tristagma bivalve,Tristagma bivalve,Amaryllidaceae
Trollius europaeus,Trollius europaeus,Ranunculaceae
Trollius farreri,Trollius farreri,Ranunculaceae
Turritis brassica,Turritis brassica,Brassicaceae
Urtica cannabina,Urtica cannabina,Urticaceae
Urtica hyperborea,Urtica hyperborea,Urticaceae
Urtica triangularis,Urtica triangularis,Urticaceae
Vaccaria hispanica,Vaccaria hispanica,Caryophyllaceae
Vaccaria segetalis (Neck.) Garcke,Vaccaria hispanica,Caryophyllaceae
Vaccinium myrtillus,Vaccinium myrtillus,Ericaceae
Vaccinium uliginosum,Vaccinium uliginosum,Ericaceae
Vaccinium vitis-idaea,Vaccinium vitis-idaea,Ericaceae
Valeriana montana,Valeriana montana,Caprifoliaceae
Valeriana officinalis,Valeriana officinalis,Caprifoliaceae
Valeriana officinalis L.,Valeriana officinalis,Caprifoliaceae
Valeriana pseudofficinalis,Valeriana pseudofficinalis,Caprifoliaceae
Verbascum alpinum,Verbascum alpinum,Scrophulariaceae
Verbascum longifolium,Verbascum longifolium,Scrophulariaceae
Verbascum thapsus,Verbascum thapsus,Scrophulariaceae
Verbena officinalis,Verbena officinalis,Verbenaceae
Verbena officinalis L.,Verbena officinalis,Verbenaceae
Veronica allionii,Veronica allionii,Plantaginaceae
Veronica alpina,Veronica alpina,Plantaginaceae
Veronica anagallis-aquatica,Veronica anagallis-aquatica,Plantaginaceae
Veronica anagallisaquatica L.,Veronica anagallis-aquatica,Plantaginaceae
Veronica aphylla,Veronica aphylla,Plantaginaceae
Veronica bellidioides,Veronica bellidioides,Plantaginaceae
Veronica biloba,Veronica biloba,Plantaginaceae
Veronica chamaedrys,Veronica chamaedrys,Plantaginaceae
Veronica ciliata,Veronica ciliata,Plantaginaceae
Veronica ciliata Fisch.,Veronica ciliata,Plantaginaceae
Veronica eriogyne,Veronica eriogyne,Plantaginaceae
Veronica eriogyne H.Winkl.,Veronica eriogyne,Plantaginaceae
Veronica fruticans,Veronica fruticans,Plantaginaceae
Veronica perfoliata,Veronica perfoliata,Plantaginaceae
Veronica rockii,Veronica rockii,Plantaginaceae
Veronica rockii H.L.Li,Veronica rockii,Plantaginaceae
Veronica szechuanica,Veronica szechuanica,Plantaginaceae
Veronica szechuanica Batal.,Veronica szechuanica,Plantaginaceae
Veronica vandellioides,Veronica vandellioides,Plantaginaceae
Vicia amoena,Vicia amoena,Leguminosae
Vicia angustifolia L. ex Reichard,Vicia sativa,Leguminosae
Vicia cracca,Vicia cracca,Leguminosae
Vicia cracca L.,Vicia cracca,Leguminosae
Vicia multicaulis,Vicia multicaulis,Leguminosae
Vicia multicaulis Ledeb.,Vicia multicaulis,Leguminosae
Vicia sativa,Vicia sativa,Leguminosae
Vicia tetrasperma,Vicia tetrasperma,Leguminosae
Vicia unijuga,Vicia unijuga,Leguminosae
Vicia unijuga A.Br.,Vicia unijuga,Leguminosae
Viola betonicifolia,Viola betonicifolia,Violaceae
Viola bulbosa,Viola bulbosa,Violaceae
Viola comollia,Viola comollia,Violaceae
Viola dubyana,Viola dubyana,Violaceae
Wahlenbergia  ceracea,Wahlenbergia ceracea,Campanulaceae
Wahlenbergia  gloriosa,Wahlenbergia gloriosa,Campanulaceae
Wahlenbergia ceracea,Wahlenbergia ceracea,Campanulaceae
Wahlenbergia gloriosa,Wahlenbergia gloriosa,Campanulaceae
Wahlenbergia stricta,Wahlenbergia stricta,Campanulaceae
Xanthopappus subacaulis,Xanthopappus subacaulis,Compositae
Xanthopappus subacaulis C. Winkl.,Xanthopappus subacaulis,Compositae
Xerochrysum subundulatum,Xerochrysum subundulatum,Compositae
Zoellnerallium andium,Nothoscordum andinum,Amaryllidaceae
Zygophyllum macranthum,Zygophyllum macracanthum,Zygophyllaceae 
Zygophyllum mucronatum,Zygophyllum mucronatum,Zygophyllaceae
Zygophyllum mucronatum Maxim.,Zygophyllum mucronatum,Zygophyllaceae
